-- phpMyAdmin SQL Dump
-- version 4.8.5
-- https://www.phpmyadmin.net/
--
-- Servidor: localhost:3306
-- Tiempo de generación: 30-01-2021 a las 06:01:37
-- Versión del servidor: 5.7.24
-- Versión de PHP: 7.3.21

SET SQL_MODE = "NO_AUTO_VALUE_ON_ZERO";
SET AUTOCOMMIT = 0;
START TRANSACTION;
SET time_zone = "+00:00";


/*!40101 SET @OLD_CHARACTER_SET_CLIENT=@@CHARACTER_SET_CLIENT */;
/*!40101 SET @OLD_CHARACTER_SET_RESULTS=@@CHARACTER_SET_RESULTS */;
/*!40101 SET @OLD_COLLATION_CONNECTION=@@COLLATION_CONNECTION */;
/*!40101 SET NAMES utf8mb4 */;

--
-- Base de datos: `delivery_platea21`
--

-- --------------------------------------------------------

--
-- Estructura de tabla para la tabla `alert_msg`
--

CREATE TABLE `alert_msg` (
  `id` int(30) NOT NULL,
  `form_id` int(30) NOT NULL,
  `alert_type` text NOT NULL,
  `message` text NOT NULL,
  `status` tinyint(4) NOT NULL DEFAULT '0',
  `delete_flag` tinyint(1) NOT NULL DEFAULT '0',
  `date_created` datetime NOT NULL DEFAULT CURRENT_TIMESTAMP ON UPDATE CURRENT_TIMESTAMP
) ENGINE=InnoDB DEFAULT CHARSET=utf8mb4;

--
-- Volcado de datos para la tabla `alert_msg`
--

INSERT INTO `alert_msg` (`id`, `form_id`, `alert_type`, `message`, `status`, `delete_flag`, `date_created`) VALUES
(1, 5, 'online_order', '<b>gorchor@gmail.com</b> added new order for Delivery.', 1, 0, '2021-01-29 15:27:19'),
(2, 6, 'online_order', '<b>gorchor@gmail.com</b> added new order for Pick-up.', 0, 0, '2021-01-29 14:34:52'),
(3, 7, 'online_order', '<b>gorchor@gmail.com</b> added new order for Delivery.', 1, 0, '2021-01-29 15:27:11'),
(4, 8, 'online_order', '<b>gorchor@gmail.com</b> added new order for Pick-up.', 1, 0, '2021-01-29 21:08:48'),
(5, 9, 'online_order', '<b>gorchor@gmail.com</b> agrego un pedido para Delivery.', 0, 0, '2021-01-30 00:48:48');

-- --------------------------------------------------------

--
-- Estructura de tabla para la tabla `cart_list`
--

CREATE TABLE `cart_list` (
  `id` int(30) NOT NULL,
  `product_id` int(30) NOT NULL,
  `qty` int(30) NOT NULL,
  `voucher_id` int(30) NOT NULL,
  `user_id` int(30) NOT NULL,
  `date_added` timestamp NOT NULL DEFAULT CURRENT_TIMESTAMP ON UPDATE CURRENT_TIMESTAMP
) ENGINE=InnoDB DEFAULT CHARSET=utf8mb4;

-- --------------------------------------------------------

--
-- Estructura de tabla para la tabla `ci_sessions`
--

CREATE TABLE `ci_sessions` (
  `id` varchar(128) NOT NULL,
  `ip_address` varchar(45) NOT NULL,
  `timestamp` int(10) UNSIGNED NOT NULL DEFAULT '0',
  `data` blob NOT NULL
) ENGINE=InnoDB DEFAULT CHARSET=utf8mb4;

--
-- Volcado de datos para la tabla `ci_sessions`
--

INSERT INTO `ci_sessions` (`id`, `ip_address`, `timestamp`, `data`) VALUES
('21bnqhr7cqfhdo2ll05rqb0j85e0c0so', '::1', 1611951964, 0x5f5f63695f6c6173745f726567656e65726174657c693a313631313935313936343b73797374656d7c613a363a7b733a343a226e616d65223b733a31303a2243616c6c65204c756e61223b733a353a227469746c65223b733a31303a2243616c6c65204c756e61223b733a373a2261646472657373223b733a36333a22506c61726964656c2d416e746f6e696f204c756e612053742e2c20427267792e20312c2053696c617920436974792c204e65672e204f63632e2c2036313136223b733a363a2266625f75726c223b733a33393a2268747470733a2f2f7777772e66616365626f6f6b2e636f6d2f63616c6c656c756e61303832312f223b733a353a22656d61696c223b733a32333a2263616c6c656c756e6130383231407961686f6f2e636f6d223b733a343a226c6f676f223b733a33363a2275706c6f6164732f32303230313231393037343634365f72696f735f6c6f676f2e69636f223b7d757365725f69647c733a313a2238223b66697273746e616d657c733a353a2261646d696e223b6c6173746e616d657c733a353a2261646d696e223b6163636573735f746f6b656e7c733a303a22223b70686f6e655f6e756d6265727c733a303a22223b656d61696c7c733a353a2261646d696e223b747970657c733a313a2231223b7374617475737c733a313a2231223b64656c6574655f666c61677c733a313a2230223b646174655f637265617465647c733a31393a22323032302d30352d30362030303a30343a3137223b),
('g09f3i0khcdanqs2tolrh0m03ee7srjj', '::1', 1611950224, 0x5f5f63695f6c6173745f726567656e65726174657c693a313631313935303232343b73797374656d7c613a363a7b733a343a226e616d65223b733a31303a2243616c6c65204c756e61223b733a353a227469746c65223b733a31303a2243616c6c65204c756e61223b733a373a2261646472657373223b733a36333a22506c61726964656c2d416e746f6e696f204c756e612053742e2c20427267792e20312c2053696c617920436974792c204e65672e204f63632e2c2036313136223b733a363a2266625f75726c223b733a33393a2268747470733a2f2f7777772e66616365626f6f6b2e636f6d2f63616c6c656c756e61303832312f223b733a353a22656d61696c223b733a32333a2263616c6c656c756e6130383231407961686f6f2e636f6d223b733a343a226c6f676f223b733a33363a2275706c6f6164732f32303230313231393037343634365f72696f735f6c6f676f2e69636f223b7d757365725f69647c733a323a223134223b66697273746e616d657c733a363a22476f72717569223b6c6173746e616d657c733a363a2243686176657a223b6163636573735f746f6b656e7c733a303a22223b70686f6e655f6e756d6265727c733a303a22223b656d61696c7c733a31373a22676f7263686f7240676d61696c2e636f6d223b747970657c733a313a2235223b7374617475737c733a313a2231223b64656c6574655f666c61677c733a313a2230223b646174655f637265617465647c733a31393a22323032312d30312d32392031333a30363a3230223b),
('m1k5nhbcr1nk3cicp2u473tksssq3gtl', '::1', 1611950728, 0x5f5f63695f6c6173745f726567656e65726174657c693a313631313935303732383b73797374656d7c613a363a7b733a343a226e616d65223b733a31303a2243616c6c65204c756e61223b733a353a227469746c65223b733a31303a2243616c6c65204c756e61223b733a373a2261646472657373223b733a36333a22506c61726964656c2d416e746f6e696f204c756e612053742e2c20427267792e20312c2053696c617920436974792c204e65672e204f63632e2c2036313136223b733a363a2266625f75726c223b733a33393a2268747470733a2f2f7777772e66616365626f6f6b2e636f6d2f63616c6c656c756e61303832312f223b733a353a22656d61696c223b733a32333a2263616c6c656c756e6130383231407961686f6f2e636f6d223b733a343a226c6f676f223b733a33363a2275706c6f6164732f32303230313231393037343634365f72696f735f6c6f676f2e69636f223b7d757365725f69647c733a323a223134223b66697273746e616d657c733a363a22476f72717569223b6c6173746e616d657c733a363a2243686176657a223b6163636573735f746f6b656e7c733a303a22223b70686f6e655f6e756d6265727c733a303a22223b656d61696c7c733a31373a22676f7263686f7240676d61696c2e636f6d223b747970657c733a313a2235223b7374617475737c733a313a2231223b64656c6574655f666c61677c733a313a2230223b646174655f637265617465647c733a31393a22323032312d30312d32392031333a30363a3230223b),
('n8nf3c46ejc4c5cqq9g741e3b8057pd9', '::1', 1611951085, 0x5f5f63695f6c6173745f726567656e65726174657c693a313631313935313038353b73797374656d7c613a363a7b733a343a226e616d65223b733a31303a2243616c6c65204c756e61223b733a353a227469746c65223b733a31303a2243616c6c65204c756e61223b733a373a2261646472657373223b733a36333a22506c61726964656c2d416e746f6e696f204c756e612053742e2c20427267792e20312c2053696c617920436974792c204e65672e204f63632e2c2036313136223b733a363a2266625f75726c223b733a33393a2268747470733a2f2f7777772e66616365626f6f6b2e636f6d2f63616c6c656c756e61303832312f223b733a353a22656d61696c223b733a32333a2263616c6c656c756e6130383231407961686f6f2e636f6d223b733a343a226c6f676f223b733a33363a2275706c6f6164732f32303230313231393037343634365f72696f735f6c6f676f2e69636f223b7d757365725f69647c733a323a223134223b66697273746e616d657c733a363a22476f72717569223b6c6173746e616d657c733a363a2243686176657a223b6163636573735f746f6b656e7c733a303a22223b70686f6e655f6e756d6265727c733a303a22223b656d61696c7c733a31373a22676f7263686f7240676d61696c2e636f6d223b747970657c733a313a2235223b7374617475737c733a313a2231223b64656c6574655f666c61677c733a313a2230223b646174655f637265617465647c733a31393a22323032312d30312d32392031333a30363a3230223b),
('aguu1lorf2mkvjnujodq431sh0r2q8lv', '::1', 1611951541, 0x5f5f63695f6c6173745f726567656e65726174657c693a313631313935313534313b73797374656d7c613a363a7b733a343a226e616d65223b733a31303a2243616c6c65204c756e61223b733a353a227469746c65223b733a31303a2243616c6c65204c756e61223b733a373a2261646472657373223b733a36333a22506c61726964656c2d416e746f6e696f204c756e612053742e2c20427267792e20312c2053696c617920436974792c204e65672e204f63632e2c2036313136223b733a363a2266625f75726c223b733a33393a2268747470733a2f2f7777772e66616365626f6f6b2e636f6d2f63616c6c656c756e61303832312f223b733a353a22656d61696c223b733a32333a2263616c6c656c756e6130383231407961686f6f2e636f6d223b733a343a226c6f676f223b733a33363a2275706c6f6164732f32303230313231393037343634365f72696f735f6c6f676f2e69636f223b7d757365725f69647c733a323a223134223b66697273746e616d657c733a363a22476f72717569223b6c6173746e616d657c733a363a2243686176657a223b6163636573735f746f6b656e7c733a303a22223b70686f6e655f6e756d6265727c733a303a22223b656d61696c7c733a31373a22676f7263686f7240676d61696c2e636f6d223b747970657c733a313a2235223b7374617475737c733a313a2231223b64656c6574655f666c61677c733a313a2230223b646174655f637265617465647c733a31393a22323032312d30312d32392031333a30363a3230223b),
('k3cltid7ltic867m33e9shbi5lq1vgnf', '::1', 1611951873, 0x5f5f63695f6c6173745f726567656e65726174657c693a313631313935313837333b73797374656d7c613a363a7b733a343a226e616d65223b733a31303a2243616c6c65204c756e61223b733a353a227469746c65223b733a31303a2243616c6c65204c756e61223b733a373a2261646472657373223b733a36333a22506c61726964656c2d416e746f6e696f204c756e612053742e2c20427267792e20312c2053696c617920436974792c204e65672e204f63632e2c2036313136223b733a363a2266625f75726c223b733a33393a2268747470733a2f2f7777772e66616365626f6f6b2e636f6d2f63616c6c656c756e61303832312f223b733a353a22656d61696c223b733a32333a2263616c6c656c756e6130383231407961686f6f2e636f6d223b733a343a226c6f676f223b733a33363a2275706c6f6164732f32303230313231393037343634365f72696f735f6c6f676f2e69636f223b7d757365725f69647c733a323a223134223b66697273746e616d657c733a363a22476f72717569223b6c6173746e616d657c733a363a2243686176657a223b6163636573735f746f6b656e7c733a303a22223b70686f6e655f6e756d6265727c733a303a22223b656d61696c7c733a31373a22676f7263686f7240676d61696c2e636f6d223b747970657c733a313a2235223b7374617475737c733a313a2231223b64656c6574655f666c61677c733a313a2230223b646174655f637265617465647c733a31393a22323032312d30312d32392031333a30363a3230223b),
('vt93bigqdegvam9ghiqbkkeqts4thbaa', '::1', 1611952459, 0x5f5f63695f6c6173745f726567656e65726174657c693a313631313935323435393b73797374656d7c613a363a7b733a343a226e616d65223b733a31303a2243616c6c65204c756e61223b733a353a227469746c65223b733a31303a2243616c6c65204c756e61223b733a373a2261646472657373223b733a36333a22506c61726964656c2d416e746f6e696f204c756e612053742e2c20427267792e20312c2053696c617920436974792c204e65672e204f63632e2c2036313136223b733a363a2266625f75726c223b733a33393a2268747470733a2f2f7777772e66616365626f6f6b2e636f6d2f63616c6c656c756e61303832312f223b733a353a22656d61696c223b733a32333a2263616c6c656c756e6130383231407961686f6f2e636f6d223b733a343a226c6f676f223b733a33363a2275706c6f6164732f32303230313231393037343634365f72696f735f6c6f676f2e69636f223b7d757365725f69647c733a323a223134223b66697273746e616d657c733a363a22476f72717569223b6c6173746e616d657c733a363a2243686176657a223b6163636573735f746f6b656e7c733a303a22223b70686f6e655f6e756d6265727c733a303a22223b656d61696c7c733a31373a22676f7263686f7240676d61696c2e636f6d223b747970657c733a313a2235223b7374617475737c733a313a2231223b64656c6574655f666c61677c733a313a2230223b646174655f637265617465647c733a31393a22323032312d30312d32392031333a30363a3230223b),
('du9a08h82bg25ukvbdlrdkla4hhldptc', '::1', 1611952646, 0x5f5f63695f6c6173745f726567656e65726174657c693a313631313935323634363b73797374656d7c613a363a7b733a343a226e616d65223b733a31303a2243616c6c65204c756e61223b733a353a227469746c65223b733a31303a2243616c6c65204c756e61223b733a373a2261646472657373223b733a36333a22506c61726964656c2d416e746f6e696f204c756e612053742e2c20427267792e20312c2053696c617920436974792c204e65672e204f63632e2c2036313136223b733a363a2266625f75726c223b733a33393a2268747470733a2f2f7777772e66616365626f6f6b2e636f6d2f63616c6c656c756e61303832312f223b733a353a22656d61696c223b733a32333a2263616c6c656c756e6130383231407961686f6f2e636f6d223b733a343a226c6f676f223b733a33363a2275706c6f6164732f32303230313231393037343634365f72696f735f6c6f676f2e69636f223b7d757365725f69647c733a313a2238223b66697273746e616d657c733a353a2261646d696e223b6c6173746e616d657c733a353a2261646d696e223b6163636573735f746f6b656e7c733a303a22223b70686f6e655f6e756d6265727c733a303a22223b656d61696c7c733a353a2261646d696e223b747970657c733a313a2231223b7374617475737c733a313a2231223b64656c6574655f666c61677c733a313a2230223b646174655f637265617465647c733a31393a22323032302d30352d30362030303a30343a3137223b),
('g3dpscq85c1q6no13rfm52ejt99nou27', '::1', 1611953036, 0x5f5f63695f6c6173745f726567656e65726174657c693a313631313935333033363b73797374656d7c613a363a7b733a343a226e616d65223b733a31303a2243616c6c65204c756e61223b733a353a227469746c65223b733a31303a2243616c6c65204c756e61223b733a373a2261646472657373223b733a36333a22506c61726964656c2d416e746f6e696f204c756e612053742e2c20427267792e20312c2053696c617920436974792c204e65672e204f63632e2c2036313136223b733a363a2266625f75726c223b733a33393a2268747470733a2f2f7777772e66616365626f6f6b2e636f6d2f63616c6c656c756e61303832312f223b733a353a22656d61696c223b733a32333a2263616c6c656c756e6130383231407961686f6f2e636f6d223b733a343a226c6f676f223b733a33363a2275706c6f6164732f32303230313231393037343634365f72696f735f6c6f676f2e69636f223b7d757365725f69647c733a323a223134223b66697273746e616d657c733a363a22476f72717569223b6c6173746e616d657c733a363a2243686176657a223b6163636573735f746f6b656e7c733a303a22223b70686f6e655f6e756d6265727c733a303a22223b656d61696c7c733a31373a22676f7263686f7240676d61696c2e636f6d223b747970657c733a313a2235223b7374617475737c733a313a2231223b64656c6574655f666c61677c733a313a2230223b646174655f637265617465647c733a31393a22323032312d30312d32392031333a30363a3230223b),
('hirjh0ijkvfbr6l498f2794ma4u1etek', '::1', 1611961658, 0x5f5f63695f6c6173745f726567656e65726174657c693a313631313936313635383b73797374656d7c613a363a7b733a343a226e616d65223b733a31303a2243616c6c65204c756e61223b733a353a227469746c65223b733a31303a2243616c6c65204c756e61223b733a373a2261646472657373223b733a36333a22506c61726964656c2d416e746f6e696f204c756e612053742e2c20427267792e20312c2053696c617920436974792c204e65672e204f63632e2c2036313136223b733a363a2266625f75726c223b733a33393a2268747470733a2f2f7777772e66616365626f6f6b2e636f6d2f63616c6c656c756e61303832312f223b733a353a22656d61696c223b733a32333a2263616c6c656c756e6130383231407961686f6f2e636f6d223b733a343a226c6f676f223b733a33363a2275706c6f6164732f32303230313231393037343634365f72696f735f6c6f676f2e69636f223b7d757365725f69647c733a313a2238223b66697273746e616d657c733a353a2261646d696e223b6c6173746e616d657c733a353a2261646d696e223b6163636573735f746f6b656e7c733a303a22223b70686f6e655f6e756d6265727c733a303a22223b656d61696c7c733a353a2261646d696e223b747970657c733a313a2231223b7374617475737c733a313a2231223b64656c6574655f666c61677c733a313a2230223b646174655f637265617465647c733a31393a22323032302d30352d30362030303a30343a3137223b),
('chu0k30edcthdedtnlheu80lj6d5qiu1', '::1', 1611954273, 0x5f5f63695f6c6173745f726567656e65726174657c693a313631313935343237333b73797374656d7c613a363a7b733a343a226e616d65223b733a31303a2243616c6c65204c756e61223b733a353a227469746c65223b733a31303a2243616c6c65204c756e61223b733a373a2261646472657373223b733a36333a22506c61726964656c2d416e746f6e696f204c756e612053742e2c20427267792e20312c2053696c617920436974792c204e65672e204f63632e2c2036313136223b733a363a2266625f75726c223b733a33393a2268747470733a2f2f7777772e66616365626f6f6b2e636f6d2f63616c6c656c756e61303832312f223b733a353a22656d61696c223b733a32333a2263616c6c656c756e6130383231407961686f6f2e636f6d223b733a343a226c6f676f223b733a33363a2275706c6f6164732f32303230313231393037343634365f72696f735f6c6f676f2e69636f223b7d757365725f69647c733a323a223134223b66697273746e616d657c733a363a22476f72717569223b6c6173746e616d657c733a363a2243686176657a223b6163636573735f746f6b656e7c733a303a22223b70686f6e655f6e756d6265727c733a303a22223b656d61696c7c733a31373a22676f7263686f7240676d61696c2e636f6d223b747970657c733a313a2235223b7374617475737c733a313a2231223b64656c6574655f666c61677c733a313a2230223b646174655f637265617465647c733a31393a22323032312d30312d32392031333a30363a3230223b),
('s48nihit4lg8tj3ru90uictfr5u3qner', '::1', 1611954600, 0x5f5f63695f6c6173745f726567656e65726174657c693a313631313935343630303b73797374656d7c613a363a7b733a343a226e616d65223b733a31303a2243616c6c65204c756e61223b733a353a227469746c65223b733a31303a2243616c6c65204c756e61223b733a373a2261646472657373223b733a36333a22506c61726964656c2d416e746f6e696f204c756e612053742e2c20427267792e20312c2053696c617920436974792c204e65672e204f63632e2c2036313136223b733a363a2266625f75726c223b733a33393a2268747470733a2f2f7777772e66616365626f6f6b2e636f6d2f63616c6c656c756e61303832312f223b733a353a22656d61696c223b733a32333a2263616c6c656c756e6130383231407961686f6f2e636f6d223b733a343a226c6f676f223b733a33363a2275706c6f6164732f32303230313231393037343634365f72696f735f6c6f676f2e69636f223b7d757365725f69647c733a323a223134223b66697273746e616d657c733a363a22476f72717569223b6c6173746e616d657c733a363a2243686176657a223b6163636573735f746f6b656e7c733a303a22223b70686f6e655f6e756d6265727c733a303a22223b656d61696c7c733a31373a22676f7263686f7240676d61696c2e636f6d223b747970657c733a313a2235223b7374617475737c733a313a2231223b64656c6574655f666c61677c733a313a2230223b646174655f637265617465647c733a31393a22323032312d30312d32392031333a30363a3230223b),
('6asi8l8cg1h6qnluka16mi283r4arv6f', '::1', 1611954953, 0x5f5f63695f6c6173745f726567656e65726174657c693a313631313935343935333b73797374656d7c613a363a7b733a343a226e616d65223b733a31303a2243616c6c65204c756e61223b733a353a227469746c65223b733a31303a2243616c6c65204c756e61223b733a373a2261646472657373223b733a36333a22506c61726964656c2d416e746f6e696f204c756e612053742e2c20427267792e20312c2053696c617920436974792c204e65672e204f63632e2c2036313136223b733a363a2266625f75726c223b733a33393a2268747470733a2f2f7777772e66616365626f6f6b2e636f6d2f63616c6c656c756e61303832312f223b733a353a22656d61696c223b733a32333a2263616c6c656c756e6130383231407961686f6f2e636f6d223b733a343a226c6f676f223b733a33363a2275706c6f6164732f32303230313231393037343634365f72696f735f6c6f676f2e69636f223b7d757365725f69647c733a323a223134223b66697273746e616d657c733a363a22476f72717569223b6c6173746e616d657c733a363a2243686176657a223b6163636573735f746f6b656e7c733a303a22223b70686f6e655f6e756d6265727c733a303a22223b656d61696c7c733a31373a22676f7263686f7240676d61696c2e636f6d223b747970657c733a313a2235223b7374617475737c733a313a2231223b64656c6574655f666c61677c733a313a2230223b646174655f637265617465647c733a31393a22323032312d30312d32392031333a30363a3230223b),
('vka20sid0bgg95kvosmmj9ff25513g83', '::1', 1611955434, 0x5f5f63695f6c6173745f726567656e65726174657c693a313631313935353433343b73797374656d7c613a363a7b733a343a226e616d65223b733a31303a2243616c6c65204c756e61223b733a353a227469746c65223b733a31303a2243616c6c65204c756e61223b733a373a2261646472657373223b733a36333a22506c61726964656c2d416e746f6e696f204c756e612053742e2c20427267792e20312c2053696c617920436974792c204e65672e204f63632e2c2036313136223b733a363a2266625f75726c223b733a33393a2268747470733a2f2f7777772e66616365626f6f6b2e636f6d2f63616c6c656c756e61303832312f223b733a353a22656d61696c223b733a32333a2263616c6c656c756e6130383231407961686f6f2e636f6d223b733a343a226c6f676f223b733a33363a2275706c6f6164732f32303230313231393037343634365f72696f735f6c6f676f2e69636f223b7d757365725f69647c733a323a223134223b66697273746e616d657c733a363a22476f72717569223b6c6173746e616d657c733a363a2243686176657a223b6163636573735f746f6b656e7c733a303a22223b70686f6e655f6e756d6265727c733a303a22223b656d61696c7c733a31373a22676f7263686f7240676d61696c2e636f6d223b747970657c733a313a2235223b7374617475737c733a313a2231223b64656c6574655f666c61677c733a313a2230223b646174655f637265617465647c733a31393a22323032312d30312d32392031333a30363a3230223b),
('dhfp44e1sa8np03j90v95lfvu7mtch2t', '::1', 1611955782, 0x5f5f63695f6c6173745f726567656e65726174657c693a313631313935353738323b73797374656d7c613a363a7b733a343a226e616d65223b733a31303a2243616c6c65204c756e61223b733a353a227469746c65223b733a31303a2243616c6c65204c756e61223b733a373a2261646472657373223b733a36333a22506c61726964656c2d416e746f6e696f204c756e612053742e2c20427267792e20312c2053696c617920436974792c204e65672e204f63632e2c2036313136223b733a363a2266625f75726c223b733a33393a2268747470733a2f2f7777772e66616365626f6f6b2e636f6d2f63616c6c656c756e61303832312f223b733a353a22656d61696c223b733a32333a2263616c6c656c756e6130383231407961686f6f2e636f6d223b733a343a226c6f676f223b733a33363a2275706c6f6164732f32303230313231393037343634365f72696f735f6c6f676f2e69636f223b7d757365725f69647c733a323a223134223b66697273746e616d657c733a363a22476f72717569223b6c6173746e616d657c733a363a2243686176657a223b6163636573735f746f6b656e7c733a303a22223b70686f6e655f6e756d6265727c733a303a22223b656d61696c7c733a31373a22676f7263686f7240676d61696c2e636f6d223b747970657c733a313a2235223b7374617475737c733a313a2231223b64656c6574655f666c61677c733a313a2230223b646174655f637265617465647c733a31393a22323032312d30312d32392031333a30363a3230223b),
('ash9pfsbadkb56h4hrq2urdmduuv6m92', '::1', 1611956103, 0x5f5f63695f6c6173745f726567656e65726174657c693a313631313935363130333b73797374656d7c613a363a7b733a343a226e616d65223b733a31303a2243616c6c65204c756e61223b733a353a227469746c65223b733a31303a2243616c6c65204c756e61223b733a373a2261646472657373223b733a36333a22506c61726964656c2d416e746f6e696f204c756e612053742e2c20427267792e20312c2053696c617920436974792c204e65672e204f63632e2c2036313136223b733a363a2266625f75726c223b733a33393a2268747470733a2f2f7777772e66616365626f6f6b2e636f6d2f63616c6c656c756e61303832312f223b733a353a22656d61696c223b733a32333a2263616c6c656c756e6130383231407961686f6f2e636f6d223b733a343a226c6f676f223b733a33363a2275706c6f6164732f32303230313231393037343634365f72696f735f6c6f676f2e69636f223b7d757365725f69647c733a323a223134223b66697273746e616d657c733a363a22476f72717569223b6c6173746e616d657c733a363a2243686176657a223b6163636573735f746f6b656e7c733a303a22223b70686f6e655f6e756d6265727c733a303a22223b656d61696c7c733a31373a22676f7263686f7240676d61696c2e636f6d223b747970657c733a313a2235223b7374617475737c733a313a2231223b64656c6574655f666c61677c733a313a2230223b646174655f637265617465647c733a31393a22323032312d30312d32392031333a30363a3230223b),
('l25kegm2suphm74j4kg4jr52s4tqanof', '::1', 1611956510, 0x5f5f63695f6c6173745f726567656e65726174657c693a313631313935363531303b73797374656d7c613a363a7b733a343a226e616d65223b733a31303a2243616c6c65204c756e61223b733a353a227469746c65223b733a31303a2243616c6c65204c756e61223b733a373a2261646472657373223b733a36333a22506c61726964656c2d416e746f6e696f204c756e612053742e2c20427267792e20312c2053696c617920436974792c204e65672e204f63632e2c2036313136223b733a363a2266625f75726c223b733a33393a2268747470733a2f2f7777772e66616365626f6f6b2e636f6d2f63616c6c656c756e61303832312f223b733a353a22656d61696c223b733a32333a2263616c6c656c756e6130383231407961686f6f2e636f6d223b733a343a226c6f676f223b733a33363a2275706c6f6164732f32303230313231393037343634365f72696f735f6c6f676f2e69636f223b7d757365725f69647c733a323a223134223b66697273746e616d657c733a363a22476f72717569223b6c6173746e616d657c733a363a2243686176657a223b6163636573735f746f6b656e7c733a303a22223b70686f6e655f6e756d6265727c733a303a22223b656d61696c7c733a31373a22676f7263686f7240676d61696c2e636f6d223b747970657c733a313a2235223b7374617475737c733a313a2231223b64656c6574655f666c61677c733a313a2230223b646174655f637265617465647c733a31393a22323032312d30312d32392031333a30363a3230223b),
('bugm4ql0ajoekca011hokhm60g4158rm', '::1', 1611956971, 0x5f5f63695f6c6173745f726567656e65726174657c693a313631313935363937313b73797374656d7c613a363a7b733a343a226e616d65223b733a31303a2243616c6c65204c756e61223b733a353a227469746c65223b733a31303a2243616c6c65204c756e61223b733a373a2261646472657373223b733a36333a22506c61726964656c2d416e746f6e696f204c756e612053742e2c20427267792e20312c2053696c617920436974792c204e65672e204f63632e2c2036313136223b733a363a2266625f75726c223b733a33393a2268747470733a2f2f7777772e66616365626f6f6b2e636f6d2f63616c6c656c756e61303832312f223b733a353a22656d61696c223b733a32333a2263616c6c656c756e6130383231407961686f6f2e636f6d223b733a343a226c6f676f223b733a33363a2275706c6f6164732f32303230313231393037343634365f72696f735f6c6f676f2e69636f223b7d757365725f69647c733a323a223134223b66697273746e616d657c733a363a22476f72717569223b6c6173746e616d657c733a363a2243686176657a223b6163636573735f746f6b656e7c733a303a22223b70686f6e655f6e756d6265727c733a303a22223b656d61696c7c733a31373a22676f7263686f7240676d61696c2e636f6d223b747970657c733a313a2235223b7374617475737c733a313a2231223b64656c6574655f666c61677c733a313a2230223b646174655f637265617465647c733a31393a22323032312d30312d32392031333a30363a3230223b),
('nim0tvopsdvh353gdrk67sm95odsotou', '::1', 1611957292, 0x5f5f63695f6c6173745f726567656e65726174657c693a313631313935373239323b73797374656d7c613a363a7b733a343a226e616d65223b733a31303a2243616c6c65204c756e61223b733a353a227469746c65223b733a31303a2243616c6c65204c756e61223b733a373a2261646472657373223b733a36333a22506c61726964656c2d416e746f6e696f204c756e612053742e2c20427267792e20312c2053696c617920436974792c204e65672e204f63632e2c2036313136223b733a363a2266625f75726c223b733a33393a2268747470733a2f2f7777772e66616365626f6f6b2e636f6d2f63616c6c656c756e61303832312f223b733a353a22656d61696c223b733a32333a2263616c6c656c756e6130383231407961686f6f2e636f6d223b733a343a226c6f676f223b733a33363a2275706c6f6164732f32303230313231393037343634365f72696f735f6c6f676f2e69636f223b7d757365725f69647c733a323a223134223b66697273746e616d657c733a363a22476f72717569223b6c6173746e616d657c733a363a2243686176657a223b6163636573735f746f6b656e7c733a303a22223b70686f6e655f6e756d6265727c733a303a22223b656d61696c7c733a31373a22676f7263686f7240676d61696c2e636f6d223b747970657c733a313a2235223b7374617475737c733a313a2231223b64656c6574655f666c61677c733a313a2230223b646174655f637265617465647c733a31393a22323032312d30312d32392031333a30363a3230223b),
('3720t5piilba8qg2jvf32acq0f492vg6', '::1', 1611957663, 0x5f5f63695f6c6173745f726567656e65726174657c693a313631313935373636333b73797374656d7c613a363a7b733a343a226e616d65223b733a31303a2243616c6c65204c756e61223b733a353a227469746c65223b733a31303a2243616c6c65204c756e61223b733a373a2261646472657373223b733a36333a22506c61726964656c2d416e746f6e696f204c756e612053742e2c20427267792e20312c2053696c617920436974792c204e65672e204f63632e2c2036313136223b733a363a2266625f75726c223b733a33393a2268747470733a2f2f7777772e66616365626f6f6b2e636f6d2f63616c6c656c756e61303832312f223b733a353a22656d61696c223b733a32333a2263616c6c656c756e6130383231407961686f6f2e636f6d223b733a343a226c6f676f223b733a33363a2275706c6f6164732f32303230313231393037343634365f72696f735f6c6f676f2e69636f223b7d757365725f69647c733a323a223134223b66697273746e616d657c733a363a22476f72717569223b6c6173746e616d657c733a363a2243686176657a223b6163636573735f746f6b656e7c733a303a22223b70686f6e655f6e756d6265727c733a303a22223b656d61696c7c733a31373a22676f7263686f7240676d61696c2e636f6d223b747970657c733a313a2235223b7374617475737c733a313a2231223b64656c6574655f666c61677c733a313a2230223b646174655f637265617465647c733a31393a22323032312d30312d32392031333a30363a3230223b),
('d7fd8utml3jkm9gqsl3p6l1091ldkb1g', '::1', 1611958018, 0x5f5f63695f6c6173745f726567656e65726174657c693a313631313935383031383b73797374656d7c613a363a7b733a343a226e616d65223b733a31303a2243616c6c65204c756e61223b733a353a227469746c65223b733a31303a2243616c6c65204c756e61223b733a373a2261646472657373223b733a36333a22506c61726964656c2d416e746f6e696f204c756e612053742e2c20427267792e20312c2053696c617920436974792c204e65672e204f63632e2c2036313136223b733a363a2266625f75726c223b733a33393a2268747470733a2f2f7777772e66616365626f6f6b2e636f6d2f63616c6c656c756e61303832312f223b733a353a22656d61696c223b733a32333a2263616c6c656c756e6130383231407961686f6f2e636f6d223b733a343a226c6f676f223b733a33363a2275706c6f6164732f32303230313231393037343634365f72696f735f6c6f676f2e69636f223b7d757365725f69647c733a323a223134223b66697273746e616d657c733a363a22476f72717569223b6c6173746e616d657c733a363a2243686176657a223b6163636573735f746f6b656e7c733a303a22223b70686f6e655f6e756d6265727c733a303a22223b656d61696c7c733a31373a22676f7263686f7240676d61696c2e636f6d223b747970657c733a313a2235223b7374617475737c733a313a2231223b64656c6574655f666c61677c733a313a2230223b646174655f637265617465647c733a31393a22323032312d30312d32392031333a30363a3230223b),
('lvs6sko8vkl6o1jl9mqng5738414inv5', '::1', 1611958539, 0x5f5f63695f6c6173745f726567656e65726174657c693a313631313935383533393b73797374656d7c613a363a7b733a343a226e616d65223b733a31303a2243616c6c65204c756e61223b733a353a227469746c65223b733a31303a2243616c6c65204c756e61223b733a373a2261646472657373223b733a36333a22506c61726964656c2d416e746f6e696f204c756e612053742e2c20427267792e20312c2053696c617920436974792c204e65672e204f63632e2c2036313136223b733a363a2266625f75726c223b733a33393a2268747470733a2f2f7777772e66616365626f6f6b2e636f6d2f63616c6c656c756e61303832312f223b733a353a22656d61696c223b733a32333a2263616c6c656c756e6130383231407961686f6f2e636f6d223b733a343a226c6f676f223b733a33363a2275706c6f6164732f32303230313231393037343634365f72696f735f6c6f676f2e69636f223b7d757365725f69647c733a323a223134223b66697273746e616d657c733a363a22476f72717569223b6c6173746e616d657c733a363a2243686176657a223b6163636573735f746f6b656e7c733a303a22223b70686f6e655f6e756d6265727c733a303a22223b656d61696c7c733a31373a22676f7263686f7240676d61696c2e636f6d223b747970657c733a313a2235223b7374617475737c733a313a2231223b64656c6574655f666c61677c733a313a2230223b646174655f637265617465647c733a31393a22323032312d30312d32392031333a30363a3230223b),
('pv980skog6s3lhvvam4da208nocbng78', '::1', 1611958843, 0x5f5f63695f6c6173745f726567656e65726174657c693a313631313935383834333b73797374656d7c613a363a7b733a343a226e616d65223b733a31303a2243616c6c65204c756e61223b733a353a227469746c65223b733a31303a2243616c6c65204c756e61223b733a373a2261646472657373223b733a36333a22506c61726964656c2d416e746f6e696f204c756e612053742e2c20427267792e20312c2053696c617920436974792c204e65672e204f63632e2c2036313136223b733a363a2266625f75726c223b733a33393a2268747470733a2f2f7777772e66616365626f6f6b2e636f6d2f63616c6c656c756e61303832312f223b733a353a22656d61696c223b733a32333a2263616c6c656c756e6130383231407961686f6f2e636f6d223b733a343a226c6f676f223b733a33363a2275706c6f6164732f32303230313231393037343634365f72696f735f6c6f676f2e69636f223b7d757365725f69647c733a323a223134223b66697273746e616d657c733a363a22476f72717569223b6c6173746e616d657c733a363a2243686176657a223b6163636573735f746f6b656e7c733a303a22223b70686f6e655f6e756d6265727c733a303a22223b656d61696c7c733a31373a22676f7263686f7240676d61696c2e636f6d223b747970657c733a313a2235223b7374617475737c733a313a2231223b64656c6574655f666c61677c733a313a2230223b646174655f637265617465647c733a31393a22323032312d30312d32392031333a30363a3230223b),
('4q44tfj7g0bslrqo42ld8ugv2nta29t5', '::1', 1611959148, 0x5f5f63695f6c6173745f726567656e65726174657c693a313631313935393134383b73797374656d7c613a363a7b733a343a226e616d65223b733a31303a2243616c6c65204c756e61223b733a353a227469746c65223b733a31303a2243616c6c65204c756e61223b733a373a2261646472657373223b733a36333a22506c61726964656c2d416e746f6e696f204c756e612053742e2c20427267792e20312c2053696c617920436974792c204e65672e204f63632e2c2036313136223b733a363a2266625f75726c223b733a33393a2268747470733a2f2f7777772e66616365626f6f6b2e636f6d2f63616c6c656c756e61303832312f223b733a353a22656d61696c223b733a32333a2263616c6c656c756e6130383231407961686f6f2e636f6d223b733a343a226c6f676f223b733a33363a2275706c6f6164732f32303230313231393037343634365f72696f735f6c6f676f2e69636f223b7d757365725f69647c733a323a223134223b66697273746e616d657c733a363a22476f72717569223b6c6173746e616d657c733a363a2243686176657a223b6163636573735f746f6b656e7c733a303a22223b70686f6e655f6e756d6265727c733a303a22223b656d61696c7c733a31373a22676f7263686f7240676d61696c2e636f6d223b747970657c733a313a2235223b7374617475737c733a313a2231223b64656c6574655f666c61677c733a313a2230223b646174655f637265617465647c733a31393a22323032312d30312d32392031333a30363a3230223b),
('4adpt5uuo07efpdeqnjbd9jfkipbphtf', '::1', 1611959464, 0x5f5f63695f6c6173745f726567656e65726174657c693a313631313935393436343b73797374656d7c613a363a7b733a343a226e616d65223b733a31303a2243616c6c65204c756e61223b733a353a227469746c65223b733a31303a2243616c6c65204c756e61223b733a373a2261646472657373223b733a36333a22506c61726964656c2d416e746f6e696f204c756e612053742e2c20427267792e20312c2053696c617920436974792c204e65672e204f63632e2c2036313136223b733a363a2266625f75726c223b733a33393a2268747470733a2f2f7777772e66616365626f6f6b2e636f6d2f63616c6c656c756e61303832312f223b733a353a22656d61696c223b733a32333a2263616c6c656c756e6130383231407961686f6f2e636f6d223b733a343a226c6f676f223b733a33363a2275706c6f6164732f32303230313231393037343634365f72696f735f6c6f676f2e69636f223b7d757365725f69647c733a323a223134223b66697273746e616d657c733a363a22476f72717569223b6c6173746e616d657c733a363a2243686176657a223b6163636573735f746f6b656e7c733a303a22223b70686f6e655f6e756d6265727c733a303a22223b656d61696c7c733a31373a22676f7263686f7240676d61696c2e636f6d223b747970657c733a313a2235223b7374617475737c733a313a2231223b64656c6574655f666c61677c733a313a2230223b646174655f637265617465647c733a31393a22323032312d30312d32392031333a30363a3230223b),
('q9nlblugklner0iq4o9qj954mhker7ke', '::1', 1611960035, 0x5f5f63695f6c6173745f726567656e65726174657c693a313631313936303033353b73797374656d7c613a363a7b733a343a226e616d65223b733a31303a2243616c6c65204c756e61223b733a353a227469746c65223b733a31303a2243616c6c65204c756e61223b733a373a2261646472657373223b733a36333a22506c61726964656c2d416e746f6e696f204c756e612053742e2c20427267792e20312c2053696c617920436974792c204e65672e204f63632e2c2036313136223b733a363a2266625f75726c223b733a33393a2268747470733a2f2f7777772e66616365626f6f6b2e636f6d2f63616c6c656c756e61303832312f223b733a353a22656d61696c223b733a32333a2263616c6c656c756e6130383231407961686f6f2e636f6d223b733a343a226c6f676f223b733a33363a2275706c6f6164732f32303230313231393037343634365f72696f735f6c6f676f2e69636f223b7d757365725f69647c733a323a223134223b66697273746e616d657c733a363a22476f72717569223b6c6173746e616d657c733a363a2243686176657a223b6163636573735f746f6b656e7c733a303a22223b70686f6e655f6e756d6265727c733a303a22223b656d61696c7c733a31373a22676f7263686f7240676d61696c2e636f6d223b747970657c733a313a2235223b7374617475737c733a313a2231223b64656c6574655f666c61677c733a313a2230223b646174655f637265617465647c733a31393a22323032312d30312d32392031333a30363a3230223b),
('36j4uejse2tacc36oj0f7cslqcfm5o91', '::1', 1611960352, 0x5f5f63695f6c6173745f726567656e65726174657c693a313631313936303335323b73797374656d7c613a363a7b733a343a226e616d65223b733a31303a2243616c6c65204c756e61223b733a353a227469746c65223b733a31303a2243616c6c65204c756e61223b733a373a2261646472657373223b733a36333a22506c61726964656c2d416e746f6e696f204c756e612053742e2c20427267792e20312c2053696c617920436974792c204e65672e204f63632e2c2036313136223b733a363a2266625f75726c223b733a33393a2268747470733a2f2f7777772e66616365626f6f6b2e636f6d2f63616c6c656c756e61303832312f223b733a353a22656d61696c223b733a32333a2263616c6c656c756e6130383231407961686f6f2e636f6d223b733a343a226c6f676f223b733a33363a2275706c6f6164732f32303230313231393037343634365f72696f735f6c6f676f2e69636f223b7d),
('i6l9sia3gdnsberecn09scqrb2f8km12', '::1', 1611960750, 0x5f5f63695f6c6173745f726567656e65726174657c693a313631313936303735303b73797374656d7c613a363a7b733a343a226e616d65223b733a31303a2243616c6c65204c756e61223b733a353a227469746c65223b733a31303a2243616c6c65204c756e61223b733a373a2261646472657373223b733a36333a22506c61726964656c2d416e746f6e696f204c756e612053742e2c20427267792e20312c2053696c617920436974792c204e65672e204f63632e2c2036313136223b733a363a2266625f75726c223b733a33393a2268747470733a2f2f7777772e66616365626f6f6b2e636f6d2f63616c6c656c756e61303832312f223b733a353a22656d61696c223b733a32333a2263616c6c656c756e6130383231407961686f6f2e636f6d223b733a343a226c6f676f223b733a33363a2275706c6f6164732f32303230313231393037343634365f72696f735f6c6f676f2e69636f223b7d),
('mssliqcl3865ni90p6h0eta1lh09jv05', '::1', 1611962358, 0x5f5f63695f6c6173745f726567656e65726174657c693a313631313936323335383b73797374656d7c613a363a7b733a343a226e616d65223b733a31303a2243616c6c65204c756e61223b733a353a227469746c65223b733a31303a2243616c6c65204c756e61223b733a373a2261646472657373223b733a36333a22506c61726964656c2d416e746f6e696f204c756e612053742e2c20427267792e20312c2053696c617920436974792c204e65672e204f63632e2c2036313136223b733a363a2266625f75726c223b733a33393a2268747470733a2f2f7777772e66616365626f6f6b2e636f6d2f63616c6c656c756e61303832312f223b733a353a22656d61696c223b733a32333a2263616c6c656c756e6130383231407961686f6f2e636f6d223b733a343a226c6f676f223b733a33363a2275706c6f6164732f32303230313231393037343634365f72696f735f6c6f676f2e69636f223b7d757365725f69647c733a323a223134223b66697273746e616d657c733a363a22476f72717569223b6c6173746e616d657c733a363a2243686176657a223b6163636573735f746f6b656e7c733a303a22223b70686f6e655f6e756d6265727c733a303a22223b656d61696c7c733a31373a22676f7263686f7240676d61696c2e636f6d223b747970657c733a313a2235223b7374617475737c733a313a2231223b64656c6574655f666c61677c733a313a2230223b646174655f637265617465647c733a31393a22323032312d30312d32392031333a30363a3230223b),
('j59hqif8mhcuefms7sl83vj0mt7mthog', '::1', 1611962343, 0x5f5f63695f6c6173745f726567656e65726174657c693a313631313936323334333b73797374656d7c613a363a7b733a343a226e616d65223b733a31303a2243616c6c65204c756e61223b733a353a227469746c65223b733a31303a2243616c6c65204c756e61223b733a373a2261646472657373223b733a36333a22506c61726964656c2d416e746f6e696f204c756e612053742e2c20427267792e20312c2053696c617920436974792c204e65672e204f63632e2c2036313136223b733a363a2266625f75726c223b733a33393a2268747470733a2f2f7777772e66616365626f6f6b2e636f6d2f63616c6c656c756e61303832312f223b733a353a22656d61696c223b733a32333a2263616c6c656c756e6130383231407961686f6f2e636f6d223b733a343a226c6f676f223b733a33363a2275706c6f6164732f32303230313231393037343634365f72696f735f6c6f676f2e69636f223b7d757365725f69647c733a313a2238223b66697273746e616d657c733a353a2261646d696e223b6c6173746e616d657c733a353a2261646d696e223b6163636573735f746f6b656e7c733a303a22223b70686f6e655f6e756d6265727c733a303a22223b656d61696c7c733a353a2261646d696e223b747970657c733a313a2231223b7374617475737c733a313a2231223b64656c6574655f666c61677c733a313a2230223b646174655f637265617465647c733a31393a22323032302d30352d30362030303a30343a3137223b),
('thtno0hkmmh73bnhrqb0olseq66eco87', '::1', 1611962760, 0x5f5f63695f6c6173745f726567656e65726174657c693a313631313936323736303b73797374656d7c613a363a7b733a343a226e616d65223b733a31303a2243616c6c65204c756e61223b733a353a227469746c65223b733a31303a2243616c6c65204c756e61223b733a373a2261646472657373223b733a36333a22506c61726964656c2d416e746f6e696f204c756e612053742e2c20427267792e20312c2053696c617920436974792c204e65672e204f63632e2c2036313136223b733a363a2266625f75726c223b733a33393a2268747470733a2f2f7777772e66616365626f6f6b2e636f6d2f63616c6c656c756e61303832312f223b733a353a22656d61696c223b733a32333a2263616c6c656c756e6130383231407961686f6f2e636f6d223b733a343a226c6f676f223b733a33363a2275706c6f6164732f32303230313231393037343634365f72696f735f6c6f676f2e69636f223b7d757365725f69647c733a313a2238223b66697273746e616d657c733a353a2261646d696e223b6c6173746e616d657c733a353a2261646d696e223b6163636573735f746f6b656e7c733a303a22223b70686f6e655f6e756d6265727c733a303a22223b656d61696c7c733a353a2261646d696e223b747970657c733a313a2231223b7374617475737c733a313a2231223b64656c6574655f666c61677c733a313a2230223b646174655f637265617465647c733a31393a22323032302d30352d30362030303a30343a3137223b),
('d9gqp4gh2tm5t1jbq770qo75pnkotg41', '::1', 1611963169, 0x5f5f63695f6c6173745f726567656e65726174657c693a313631313936333136393b73797374656d7c613a363a7b733a343a226e616d65223b733a31303a2243616c6c65204c756e61223b733a353a227469746c65223b733a31303a2243616c6c65204c756e61223b733a373a2261646472657373223b733a36333a22506c61726964656c2d416e746f6e696f204c756e612053742e2c20427267792e20312c2053696c617920436974792c204e65672e204f63632e2c2036313136223b733a363a2266625f75726c223b733a33393a2268747470733a2f2f7777772e66616365626f6f6b2e636f6d2f63616c6c656c756e61303832312f223b733a353a22656d61696c223b733a32333a2263616c6c656c756e6130383231407961686f6f2e636f6d223b733a343a226c6f676f223b733a33363a2275706c6f6164732f32303230313231393037343634365f72696f735f6c6f676f2e69636f223b7d757365725f69647c733a323a223134223b66697273746e616d657c733a363a22476f72717569223b6c6173746e616d657c733a363a2243686176657a223b6163636573735f746f6b656e7c733a303a22223b70686f6e655f6e756d6265727c733a303a22223b656d61696c7c733a31373a22676f7263686f7240676d61696c2e636f6d223b747970657c733a313a2235223b7374617475737c733a313a2231223b64656c6574655f666c61677c733a313a2230223b646174655f637265617465647c733a31393a22323032312d30312d32392031333a30363a3230223b),
('9dc4ubj3dheflrmduolcaqldkbhjuu20', '::1', 1611963114, 0x5f5f63695f6c6173745f726567656e65726174657c693a313631313936333131343b73797374656d7c613a363a7b733a343a226e616d65223b733a31303a2243616c6c65204c756e61223b733a353a227469746c65223b733a31303a2243616c6c65204c756e61223b733a373a2261646472657373223b733a36333a22506c61726964656c2d416e746f6e696f204c756e612053742e2c20427267792e20312c2053696c617920436974792c204e65672e204f63632e2c2036313136223b733a363a2266625f75726c223b733a33393a2268747470733a2f2f7777772e66616365626f6f6b2e636f6d2f63616c6c656c756e61303832312f223b733a353a22656d61696c223b733a32333a2263616c6c656c756e6130383231407961686f6f2e636f6d223b733a343a226c6f676f223b733a33363a2275706c6f6164732f32303230313231393037343634365f72696f735f6c6f676f2e69636f223b7d757365725f69647c733a313a2238223b66697273746e616d657c733a353a2261646d696e223b6c6173746e616d657c733a353a2261646d696e223b6163636573735f746f6b656e7c733a303a22223b70686f6e655f6e756d6265727c733a303a22223b656d61696c7c733a353a2261646d696e223b747970657c733a313a2231223b7374617475737c733a313a2231223b64656c6574655f666c61677c733a313a2230223b646174655f637265617465647c733a31393a22323032302d30352d30362030303a30343a3137223b),
('c2g21unc1c9fva3qti2hn6ro0ok5v1no', '::1', 1611963520, 0x5f5f63695f6c6173745f726567656e65726174657c693a313631313936333532303b73797374656d7c613a363a7b733a343a226e616d65223b733a31303a2243616c6c65204c756e61223b733a353a227469746c65223b733a31303a2243616c6c65204c756e61223b733a373a2261646472657373223b733a36333a22506c61726964656c2d416e746f6e696f204c756e612053742e2c20427267792e20312c2053696c617920436974792c204e65672e204f63632e2c2036313136223b733a363a2266625f75726c223b733a33393a2268747470733a2f2f7777772e66616365626f6f6b2e636f6d2f63616c6c656c756e61303832312f223b733a353a22656d61696c223b733a32333a2263616c6c656c756e6130383231407961686f6f2e636f6d223b733a343a226c6f676f223b733a33363a2275706c6f6164732f32303230313231393037343634365f72696f735f6c6f676f2e69636f223b7d757365725f69647c733a313a2238223b66697273746e616d657c733a353a2261646d696e223b6c6173746e616d657c733a353a2261646d696e223b6163636573735f746f6b656e7c733a303a22223b70686f6e655f6e756d6265727c733a303a22223b656d61696c7c733a353a2261646d696e223b747970657c733a313a2231223b7374617475737c733a313a2231223b64656c6574655f666c61677c733a313a2230223b646174655f637265617465647c733a31393a22323032302d30352d30362030303a30343a3137223b),
('250hbhqdsqjtg5o6jiibgcdmbs39id7i', '::1', 1611963492, 0x5f5f63695f6c6173745f726567656e65726174657c693a313631313936333439323b73797374656d7c613a363a7b733a343a226e616d65223b733a31303a2243616c6c65204c756e61223b733a353a227469746c65223b733a31303a2243616c6c65204c756e61223b733a373a2261646472657373223b733a36333a22506c61726964656c2d416e746f6e696f204c756e612053742e2c20427267792e20312c2053696c617920436974792c204e65672e204f63632e2c2036313136223b733a363a2266625f75726c223b733a33393a2268747470733a2f2f7777772e66616365626f6f6b2e636f6d2f63616c6c656c756e61303832312f223b733a353a22656d61696c223b733a32333a2263616c6c656c756e6130383231407961686f6f2e636f6d223b733a343a226c6f676f223b733a33363a2275706c6f6164732f32303230313231393037343634365f72696f735f6c6f676f2e69636f223b7d757365725f69647c733a323a223134223b66697273746e616d657c733a363a22476f72717569223b6c6173746e616d657c733a363a2243686176657a223b6163636573735f746f6b656e7c733a303a22223b70686f6e655f6e756d6265727c733a303a22223b656d61696c7c733a31373a22676f7263686f7240676d61696c2e636f6d223b747970657c733a313a2235223b7374617475737c733a313a2231223b64656c6574655f666c61677c733a313a2230223b646174655f637265617465647c733a31393a22323032312d30312d32392031333a30363a3230223b),
('nrvj03bnp6pjulc0ipe2276i5d89fn3a', '::1', 1611963843, 0x5f5f63695f6c6173745f726567656e65726174657c693a313631313936333834333b73797374656d7c613a363a7b733a343a226e616d65223b733a31303a2243616c6c65204c756e61223b733a353a227469746c65223b733a31303a2243616c6c65204c756e61223b733a373a2261646472657373223b733a36333a22506c61726964656c2d416e746f6e696f204c756e612053742e2c20427267792e20312c2053696c617920436974792c204e65672e204f63632e2c2036313136223b733a363a2266625f75726c223b733a33393a2268747470733a2f2f7777772e66616365626f6f6b2e636f6d2f63616c6c656c756e61303832312f223b733a353a22656d61696c223b733a32333a2263616c6c656c756e6130383231407961686f6f2e636f6d223b733a343a226c6f676f223b733a33363a2275706c6f6164732f32303230313231393037343634365f72696f735f6c6f676f2e69636f223b7d757365725f69647c733a323a223134223b66697273746e616d657c733a363a22476f72717569223b6c6173746e616d657c733a363a2243686176657a223b6163636573735f746f6b656e7c733a303a22223b70686f6e655f6e756d6265727c733a303a22223b656d61696c7c733a31373a22676f7263686f7240676d61696c2e636f6d223b747970657c733a313a2235223b7374617475737c733a313a2231223b64656c6574655f666c61677c733a313a2230223b646174655f637265617465647c733a31393a22323032312d30312d32392031333a30363a3230223b),
('al5kmmb0reibo1tr1i1pb8elerpdro9a', '::1', 1611963826, 0x5f5f63695f6c6173745f726567656e65726174657c693a313631313936333832363b73797374656d7c613a363a7b733a343a226e616d65223b733a31303a2243616c6c65204c756e61223b733a353a227469746c65223b733a31303a2243616c6c65204c756e61223b733a373a2261646472657373223b733a36333a22506c61726964656c2d416e746f6e696f204c756e612053742e2c20427267792e20312c2053696c617920436974792c204e65672e204f63632e2c2036313136223b733a363a2266625f75726c223b733a33393a2268747470733a2f2f7777772e66616365626f6f6b2e636f6d2f63616c6c656c756e61303832312f223b733a353a22656d61696c223b733a32333a2263616c6c656c756e6130383231407961686f6f2e636f6d223b733a343a226c6f676f223b733a33363a2275706c6f6164732f32303230313231393037343634365f72696f735f6c6f676f2e69636f223b7d757365725f69647c733a313a2238223b66697273746e616d657c733a353a2261646d696e223b6c6173746e616d657c733a353a2261646d696e223b6163636573735f746f6b656e7c733a303a22223b70686f6e655f6e756d6265727c733a303a22223b656d61696c7c733a353a2261646d696e223b747970657c733a313a2231223b7374617475737c733a313a2231223b64656c6574655f666c61677c733a313a2230223b646174655f637265617465647c733a31393a22323032302d30352d30362030303a30343a3137223b),
('nqmkk52jg7rugo7v26851blaas0ucrq9', '::1', 1611964132, 0x5f5f63695f6c6173745f726567656e65726174657c693a313631313936343133323b73797374656d7c613a363a7b733a343a226e616d65223b733a31303a2243616c6c65204c756e61223b733a353a227469746c65223b733a31303a2243616c6c65204c756e61223b733a373a2261646472657373223b733a36333a22506c61726964656c2d416e746f6e696f204c756e612053742e2c20427267792e20312c2053696c617920436974792c204e65672e204f63632e2c2036313136223b733a363a2266625f75726c223b733a33393a2268747470733a2f2f7777772e66616365626f6f6b2e636f6d2f63616c6c656c756e61303832312f223b733a353a22656d61696c223b733a32333a2263616c6c656c756e6130383231407961686f6f2e636f6d223b733a343a226c6f676f223b733a33363a2275706c6f6164732f32303230313231393037343634365f72696f735f6c6f676f2e69636f223b7d757365725f69647c733a313a2238223b66697273746e616d657c733a353a2261646d696e223b6c6173746e616d657c733a353a2261646d696e223b6163636573735f746f6b656e7c733a303a22223b70686f6e655f6e756d6265727c733a303a22223b656d61696c7c733a353a2261646d696e223b747970657c733a313a2231223b7374617475737c733a313a2231223b64656c6574655f666c61677c733a313a2230223b646174655f637265617465647c733a31393a22323032302d30352d30362030303a30343a3137223b),
('snn1p3p9qjj48t0hiv6rus413tog9oi8', '::1', 1611965222, 0x5f5f63695f6c6173745f726567656e65726174657c693a313631313936353232323b73797374656d7c613a363a7b733a343a226e616d65223b733a31303a2243616c6c65204c756e61223b733a353a227469746c65223b733a31303a2243616c6c65204c756e61223b733a373a2261646472657373223b733a36333a22506c61726964656c2d416e746f6e696f204c756e612053742e2c20427267792e20312c2053696c617920436974792c204e65672e204f63632e2c2036313136223b733a363a2266625f75726c223b733a33393a2268747470733a2f2f7777772e66616365626f6f6b2e636f6d2f63616c6c656c756e61303832312f223b733a353a22656d61696c223b733a32333a2263616c6c656c756e6130383231407961686f6f2e636f6d223b733a343a226c6f676f223b733a33363a2275706c6f6164732f32303230313231393037343634365f72696f735f6c6f676f2e69636f223b7d757365725f69647c733a323a223134223b66697273746e616d657c733a363a22476f72717569223b6c6173746e616d657c733a363a2243686176657a223b6163636573735f746f6b656e7c733a303a22223b70686f6e655f6e756d6265727c733a303a22223b656d61696c7c733a31373a22676f7263686f7240676d61696c2e636f6d223b747970657c733a313a2235223b7374617475737c733a313a2231223b64656c6574655f666c61677c733a313a2230223b646174655f637265617465647c733a31393a22323032312d30312d32392031333a30363a3230223b),
('chmeh399k3f49b0v61enlk7iac085imi', '::1', 1611964526, 0x5f5f63695f6c6173745f726567656e65726174657c693a313631313936343532363b73797374656d7c613a363a7b733a343a226e616d65223b733a31303a2243616c6c65204c756e61223b733a353a227469746c65223b733a31303a2243616c6c65204c756e61223b733a373a2261646472657373223b733a36333a22506c61726964656c2d416e746f6e696f204c756e612053742e2c20427267792e20312c2053696c617920436974792c204e65672e204f63632e2c2036313136223b733a363a2266625f75726c223b733a33393a2268747470733a2f2f7777772e66616365626f6f6b2e636f6d2f63616c6c656c756e61303832312f223b733a353a22656d61696c223b733a32333a2263616c6c656c756e6130383231407961686f6f2e636f6d223b733a343a226c6f676f223b733a33363a2275706c6f6164732f32303230313231393037343634365f72696f735f6c6f676f2e69636f223b7d757365725f69647c733a313a2238223b66697273746e616d657c733a353a2261646d696e223b6c6173746e616d657c733a353a2261646d696e223b6163636573735f746f6b656e7c733a303a22223b70686f6e655f6e756d6265727c733a303a22223b656d61696c7c733a353a2261646d696e223b747970657c733a313a2231223b7374617475737c733a313a2231223b64656c6574655f666c61677c733a313a2230223b646174655f637265617465647c733a31393a22323032302d30352d30362030303a30343a3137223b),
('osfo71lsnvkm68aj3bj3io86js9l2fvs', '::1', 1611964865, 0x5f5f63695f6c6173745f726567656e65726174657c693a313631313936343836353b73797374656d7c613a363a7b733a343a226e616d65223b733a31303a2243616c6c65204c756e61223b733a353a227469746c65223b733a31303a2243616c6c65204c756e61223b733a373a2261646472657373223b733a36333a22506c61726964656c2d416e746f6e696f204c756e612053742e2c20427267792e20312c2053696c617920436974792c204e65672e204f63632e2c2036313136223b733a363a2266625f75726c223b733a33393a2268747470733a2f2f7777772e66616365626f6f6b2e636f6d2f63616c6c656c756e61303832312f223b733a353a22656d61696c223b733a32333a2263616c6c656c756e6130383231407961686f6f2e636f6d223b733a343a226c6f676f223b733a33363a2275706c6f6164732f32303230313231393037343634365f72696f735f6c6f676f2e69636f223b7d757365725f69647c733a313a2238223b66697273746e616d657c733a353a2261646d696e223b6c6173746e616d657c733a353a2261646d696e223b6163636573735f746f6b656e7c733a303a22223b70686f6e655f6e756d6265727c733a303a22223b656d61696c7c733a353a2261646d696e223b747970657c733a313a2231223b7374617475737c733a313a2231223b64656c6574655f666c61677c733a313a2230223b646174655f637265617465647c733a31393a22323032302d30352d30362030303a30343a3137223b),
('3mba6ee0uj7rpcs7oug99b7gvd59p5nm', '192.168.0.16', 1611964856, 0x5f5f63695f6c6173745f726567656e65726174657c693a313631313936343835363b73797374656d7c613a363a7b733a343a226e616d65223b733a31303a2243616c6c65204c756e61223b733a353a227469746c65223b733a31303a2243616c6c65204c756e61223b733a373a2261646472657373223b733a36333a22506c61726964656c2d416e746f6e696f204c756e612053742e2c20427267792e20312c2053696c617920436974792c204e65672e204f63632e2c2036313136223b733a363a2266625f75726c223b733a33393a2268747470733a2f2f7777772e66616365626f6f6b2e636f6d2f63616c6c656c756e61303832312f223b733a353a22656d61696c223b733a32333a2263616c6c656c756e6130383231407961686f6f2e636f6d223b733a343a226c6f676f223b733a33363a2275706c6f6164732f32303230313231393037343634365f72696f735f6c6f676f2e69636f223b7d),
('ehcuj11qe4dj2ipgb9n6stsc47g56bjd', '192.168.0.12', 1611965312, 0x5f5f63695f6c6173745f726567656e65726174657c693a313631313936353331323b73797374656d7c613a363a7b733a343a226e616d65223b733a31303a2243616c6c65204c756e61223b733a353a227469746c65223b733a31303a2243616c6c65204c756e61223b733a373a2261646472657373223b733a36333a22506c61726964656c2d416e746f6e696f204c756e612053742e2c20427267792e20312c2053696c617920436974792c204e65672e204f63632e2c2036313136223b733a363a2266625f75726c223b733a33393a2268747470733a2f2f7777772e66616365626f6f6b2e636f6d2f63616c6c656c756e61303832312f223b733a353a22656d61696c223b733a32333a2263616c6c656c756e6130383231407961686f6f2e636f6d223b733a343a226c6f676f223b733a33363a2275706c6f6164732f32303230313231393037343634365f72696f735f6c6f676f2e69636f223b7d757365725f69647c733a323a223134223b66697273746e616d657c733a363a22476f72717569223b6c6173746e616d657c733a363a2243686176657a223b6163636573735f746f6b656e7c733a303a22223b70686f6e655f6e756d6265727c733a303a22223b656d61696c7c733a31373a22676f7263686f7240676d61696c2e636f6d223b747970657c733a313a2235223b7374617475737c733a313a2231223b64656c6574655f666c61677c733a313a2230223b646174655f637265617465647c733a31393a22323032312d30312d32392031333a30363a3230223b);
INSERT INTO `ci_sessions` (`id`, `ip_address`, `timestamp`, `data`) VALUES
('hitaghu2neinc86jsk3if7ers81n9qv7', '192.168.0.16', 1611965290, 0x5f5f63695f6c6173745f726567656e65726174657c693a313631313936353239303b73797374656d7c613a363a7b733a343a226e616d65223b733a31303a2243616c6c65204c756e61223b733a353a227469746c65223b733a31303a2243616c6c65204c756e61223b733a373a2261646472657373223b733a36333a22506c61726964656c2d416e746f6e696f204c756e612053742e2c20427267792e20312c2053696c617920436974792c204e65672e204f63632e2c2036313136223b733a363a2266625f75726c223b733a33393a2268747470733a2f2f7777772e66616365626f6f6b2e636f6d2f63616c6c656c756e61303832312f223b733a353a22656d61696c223b733a32333a2263616c6c656c756e6130383231407961686f6f2e636f6d223b733a343a226c6f676f223b733a33363a2275706c6f6164732f32303230313231393037343634365f72696f735f6c6f676f2e69636f223b7d757365725f69647c733a313a2238223b66697273746e616d657c733a353a2261646d696e223b6c6173746e616d657c733a353a2261646d696e223b6163636573735f746f6b656e7c733a303a22223b70686f6e655f6e756d6265727c733a303a22223b656d61696c7c733a353a2261646d696e223b747970657c733a313a2231223b7374617475737c733a313a2231223b64656c6574655f666c61677c733a313a2230223b646174655f637265617465647c733a31393a22323032302d30352d30362030303a30343a3137223b),
('03fiejq0lpn3g2bfkdlbqn36kdulphau', '::1', 1611970970, 0x5f5f63695f6c6173745f726567656e65726174657c693a313631313937303937303b73797374656d7c613a363a7b733a343a226e616d65223b733a31303a2243616c6c65204c756e61223b733a353a227469746c65223b733a31303a2243616c6c65204c756e61223b733a373a2261646472657373223b733a36333a22506c61726964656c2d416e746f6e696f204c756e612053742e2c20427267792e20312c2053696c617920436974792c204e65672e204f63632e2c2036313136223b733a363a2266625f75726c223b733a33393a2268747470733a2f2f7777772e66616365626f6f6b2e636f6d2f63616c6c656c756e61303832312f223b733a353a22656d61696c223b733a32333a2263616c6c656c756e6130383231407961686f6f2e636f6d223b733a343a226c6f676f223b733a33363a2275706c6f6164732f32303230313231393037343634365f72696f735f6c6f676f2e69636f223b7d),
('opi4uv7j59juud7hoobgu2q12i1ht1b0', '::1', 1611965222, 0x5f5f63695f6c6173745f726567656e65726174657c693a313631313936353232323b73797374656d7c613a363a7b733a343a226e616d65223b733a31303a2243616c6c65204c756e61223b733a353a227469746c65223b733a31303a2243616c6c65204c756e61223b733a373a2261646472657373223b733a36333a22506c61726964656c2d416e746f6e696f204c756e612053742e2c20427267792e20312c2053696c617920436974792c204e65672e204f63632e2c2036313136223b733a363a2266625f75726c223b733a33393a2268747470733a2f2f7777772e66616365626f6f6b2e636f6d2f63616c6c656c756e61303832312f223b733a353a22656d61696c223b733a32333a2263616c6c656c756e6130383231407961686f6f2e636f6d223b733a343a226c6f676f223b733a33363a2275706c6f6164732f32303230313231393037343634365f72696f735f6c6f676f2e69636f223b7d),
('j6rqjbfrr211op813iveir7nd0mvaajt', '192.168.0.16', 1611966069, 0x5f5f63695f6c6173745f726567656e65726174657c693a313631313936363036393b73797374656d7c613a363a7b733a343a226e616d65223b733a31303a2243616c6c65204c756e61223b733a353a227469746c65223b733a31303a2243616c6c65204c756e61223b733a373a2261646472657373223b733a36333a22506c61726964656c2d416e746f6e696f204c756e612053742e2c20427267792e20312c2053696c617920436974792c204e65672e204f63632e2c2036313136223b733a363a2266625f75726c223b733a33393a2268747470733a2f2f7777772e66616365626f6f6b2e636f6d2f63616c6c656c756e61303832312f223b733a353a22656d61696c223b733a32333a2263616c6c656c756e6130383231407961686f6f2e636f6d223b733a343a226c6f676f223b733a33363a2275706c6f6164732f32303230313231393037343634365f72696f735f6c6f676f2e69636f223b7d757365725f69647c733a323a223134223b66697273746e616d657c733a363a22476f72717569223b6c6173746e616d657c733a363a2243686176657a223b6163636573735f746f6b656e7c733a303a22223b70686f6e655f6e756d6265727c733a303a22223b656d61696c7c733a31373a22676f7263686f7240676d61696c2e636f6d223b747970657c733a313a2235223b7374617475737c733a313a2231223b64656c6574655f666c61677c733a313a2230223b646174655f637265617465647c733a31393a22323032312d30312d32392031333a30363a3230223b),
('llf8abdm5296noeedc1kh1hnl389l175', '192.168.0.16', 1611966301, 0x5f5f63695f6c6173745f726567656e65726174657c693a313631313936363330313b73797374656d7c613a363a7b733a343a226e616d65223b733a31303a2243616c6c65204c756e61223b733a353a227469746c65223b733a31303a2243616c6c65204c756e61223b733a373a2261646472657373223b733a36333a22506c61726964656c2d416e746f6e696f204c756e612053742e2c20427267792e20312c2053696c617920436974792c204e65672e204f63632e2c2036313136223b733a363a2266625f75726c223b733a33393a2268747470733a2f2f7777772e66616365626f6f6b2e636f6d2f63616c6c656c756e61303832312f223b733a353a22656d61696c223b733a32333a2263616c6c656c756e6130383231407961686f6f2e636f6d223b733a343a226c6f676f223b733a33363a2275706c6f6164732f32303230313231393037343634365f72696f735f6c6f676f2e69636f223b7d757365725f69647c733a313a2238223b66697273746e616d657c733a353a2261646d696e223b6c6173746e616d657c733a353a2261646d696e223b6163636573735f746f6b656e7c733a303a22223b70686f6e655f6e756d6265727c733a303a22223b656d61696c7c733a353a2261646d696e223b747970657c733a313a2231223b7374617475737c733a313a2231223b64656c6574655f666c61677c733a313a2230223b646174655f637265617465647c733a31393a22323032302d30352d30362030303a30343a3137223b),
('a943t3kbifumn5e6qq0dt9nr5l271vhn', '192.168.0.12', 1611965325, 0x5f5f63695f6c6173745f726567656e65726174657c693a313631313936353331323b73797374656d7c613a363a7b733a343a226e616d65223b733a31303a2243616c6c65204c756e61223b733a353a227469746c65223b733a31303a2243616c6c65204c756e61223b733a373a2261646472657373223b733a36333a22506c61726964656c2d416e746f6e696f204c756e612053742e2c20427267792e20312c2053696c617920436974792c204e65672e204f63632e2c2036313136223b733a363a2266625f75726c223b733a33393a2268747470733a2f2f7777772e66616365626f6f6b2e636f6d2f63616c6c656c756e61303832312f223b733a353a22656d61696c223b733a32333a2263616c6c656c756e6130383231407961686f6f2e636f6d223b733a343a226c6f676f223b733a33363a2275706c6f6164732f32303230313231393037343634365f72696f735f6c6f676f2e69636f223b7d757365725f69647c733a323a223134223b66697273746e616d657c733a363a22476f72717569223b6c6173746e616d657c733a363a2243686176657a223b6163636573735f746f6b656e7c733a303a22223b70686f6e655f6e756d6265727c733a303a22223b656d61696c7c733a31373a22676f7263686f7240676d61696c2e636f6d223b747970657c733a313a2235223b7374617475737c733a313a2231223b64656c6574655f666c61677c733a313a2230223b646174655f637265617465647c733a31393a22323032312d30312d32392031333a30363a3230223b),
('8m5m1o9865o9tmpvg2srcd3q69hv12rf', '192.168.0.12', 1611965508, 0x5f5f63695f6c6173745f726567656e65726174657c693a313631313936353431313b73797374656d7c613a363a7b733a343a226e616d65223b733a31303a2243616c6c65204c756e61223b733a353a227469746c65223b733a31303a2243616c6c65204c756e61223b733a373a2261646472657373223b733a36333a22506c61726964656c2d416e746f6e696f204c756e612053742e2c20427267792e20312c2053696c617920436974792c204e65672e204f63632e2c2036313136223b733a363a2266625f75726c223b733a33393a2268747470733a2f2f7777772e66616365626f6f6b2e636f6d2f63616c6c656c756e61303832312f223b733a353a22656d61696c223b733a32333a2263616c6c656c756e6130383231407961686f6f2e636f6d223b733a343a226c6f676f223b733a33363a2275706c6f6164732f32303230313231393037343634365f72696f735f6c6f676f2e69636f223b7d757365725f69647c733a323a223134223b66697273746e616d657c733a363a22476f72717569223b6c6173746e616d657c733a363a2243686176657a223b6163636573735f746f6b656e7c733a303a22223b70686f6e655f6e756d6265727c733a303a22223b656d61696c7c733a31373a22676f7263686f7240676d61696c2e636f6d223b747970657c733a313a2235223b7374617475737c733a313a2231223b64656c6574655f666c61677c733a313a2230223b646174655f637265617465647c733a31393a22323032312d30312d32392031333a30363a3230223b),
('39lu59prlbao7mdgskdl0gekambqq93r', '192.168.0.16', 1611966386, 0x5f5f63695f6c6173745f726567656e65726174657c693a313631313936363338363b73797374656d7c613a363a7b733a343a226e616d65223b733a31303a2243616c6c65204c756e61223b733a353a227469746c65223b733a31303a2243616c6c65204c756e61223b733a373a2261646472657373223b733a36333a22506c61726964656c2d416e746f6e696f204c756e612053742e2c20427267792e20312c2053696c617920436974792c204e65672e204f63632e2c2036313136223b733a363a2266625f75726c223b733a33393a2268747470733a2f2f7777772e66616365626f6f6b2e636f6d2f63616c6c656c756e61303832312f223b733a353a22656d61696c223b733a32333a2263616c6c656c756e6130383231407961686f6f2e636f6d223b733a343a226c6f676f223b733a33363a2275706c6f6164732f32303230313231393037343634365f72696f735f6c6f676f2e69636f223b7d757365725f69647c733a323a223134223b66697273746e616d657c733a363a22476f72717569223b6c6173746e616d657c733a363a2243686176657a223b6163636573735f746f6b656e7c733a303a22223b70686f6e655f6e756d6265727c733a303a22223b656d61696c7c733a31373a22676f7263686f7240676d61696c2e636f6d223b747970657c733a313a2235223b7374617475737c733a313a2231223b64656c6574655f666c61677c733a313a2230223b646174655f637265617465647c733a31393a22323032312d30312d32392031333a30363a3230223b),
('csfjc00cb4an7bph6gl6b4sh1i3n784c', '192.168.0.16', 1611969349, 0x5f5f63695f6c6173745f726567656e65726174657c693a313631313936393334393b73797374656d7c613a363a7b733a343a226e616d65223b733a31303a2243616c6c65204c756e61223b733a353a227469746c65223b733a31303a2243616c6c65204c756e61223b733a373a2261646472657373223b733a36333a22506c61726964656c2d416e746f6e696f204c756e612053742e2c20427267792e20312c2053696c617920436974792c204e65672e204f63632e2c2036313136223b733a363a2266625f75726c223b733a33393a2268747470733a2f2f7777772e66616365626f6f6b2e636f6d2f63616c6c656c756e61303832312f223b733a353a22656d61696c223b733a32333a2263616c6c656c756e6130383231407961686f6f2e636f6d223b733a343a226c6f676f223b733a33363a2275706c6f6164732f32303230313231393037343634365f72696f735f6c6f676f2e69636f223b7d757365725f69647c733a313a2238223b66697273746e616d657c733a353a2261646d696e223b6c6173746e616d657c733a353a2261646d696e223b6163636573735f746f6b656e7c733a303a22223b70686f6e655f6e756d6265727c733a303a22223b656d61696c7c733a353a2261646d696e223b747970657c733a313a2231223b7374617475737c733a313a2231223b64656c6574655f666c61677c733a313a2230223b646174655f637265617465647c733a31393a22323032302d30352d30362030303a30343a3137223b),
('e6hf6e4ml82io929v1d75qt678mv5ku0', '192.168.0.16', 1611966762, 0x5f5f63695f6c6173745f726567656e65726174657c693a313631313936363736323b73797374656d7c613a363a7b733a343a226e616d65223b733a31303a2243616c6c65204c756e61223b733a353a227469746c65223b733a31303a2243616c6c65204c756e61223b733a373a2261646472657373223b733a36333a22506c61726964656c2d416e746f6e696f204c756e612053742e2c20427267792e20312c2053696c617920436974792c204e65672e204f63632e2c2036313136223b733a363a2266625f75726c223b733a33393a2268747470733a2f2f7777772e66616365626f6f6b2e636f6d2f63616c6c656c756e61303832312f223b733a353a22656d61696c223b733a32333a2263616c6c656c756e6130383231407961686f6f2e636f6d223b733a343a226c6f676f223b733a33363a2275706c6f6164732f32303230313231393037343634365f72696f735f6c6f676f2e69636f223b7d757365725f69647c733a323a223134223b66697273746e616d657c733a363a22476f72717569223b6c6173746e616d657c733a363a2243686176657a223b6163636573735f746f6b656e7c733a303a22223b70686f6e655f6e756d6265727c733a303a22223b656d61696c7c733a31373a22676f7263686f7240676d61696c2e636f6d223b747970657c733a313a2235223b7374617475737c733a313a2231223b64656c6574655f666c61677c733a313a2230223b646174655f637265617465647c733a31393a22323032312d30312d32392031333a30363a3230223b),
('sa5kb04kgumhnaiis0nqmiu37su9rc0b', '192.168.0.16', 1611967206, 0x5f5f63695f6c6173745f726567656e65726174657c693a313631313936373230363b73797374656d7c613a363a7b733a343a226e616d65223b733a31303a2243616c6c65204c756e61223b733a353a227469746c65223b733a31303a2243616c6c65204c756e61223b733a373a2261646472657373223b733a36333a22506c61726964656c2d416e746f6e696f204c756e612053742e2c20427267792e20312c2053696c617920436974792c204e65672e204f63632e2c2036313136223b733a363a2266625f75726c223b733a33393a2268747470733a2f2f7777772e66616365626f6f6b2e636f6d2f63616c6c656c756e61303832312f223b733a353a22656d61696c223b733a32333a2263616c6c656c756e6130383231407961686f6f2e636f6d223b733a343a226c6f676f223b733a33363a2275706c6f6164732f32303230313231393037343634365f72696f735f6c6f676f2e69636f223b7d757365725f69647c733a323a223134223b66697273746e616d657c733a363a22476f72717569223b6c6173746e616d657c733a363a2243686176657a223b6163636573735f746f6b656e7c733a303a22223b70686f6e655f6e756d6265727c733a303a22223b656d61696c7c733a31373a22676f7263686f7240676d61696c2e636f6d223b747970657c733a313a2235223b7374617475737c733a313a2231223b64656c6574655f666c61677c733a313a2230223b646174655f637265617465647c733a31393a22323032312d30312d32392031333a30363a3230223b),
('ubqvtpt05212ca9cb4t25d9nnivi5gqs', '192.168.0.16', 1611967585, 0x5f5f63695f6c6173745f726567656e65726174657c693a313631313936373538353b73797374656d7c613a363a7b733a343a226e616d65223b733a31303a2243616c6c65204c756e61223b733a353a227469746c65223b733a31303a2243616c6c65204c756e61223b733a373a2261646472657373223b733a36333a22506c61726964656c2d416e746f6e696f204c756e612053742e2c20427267792e20312c2053696c617920436974792c204e65672e204f63632e2c2036313136223b733a363a2266625f75726c223b733a33393a2268747470733a2f2f7777772e66616365626f6f6b2e636f6d2f63616c6c656c756e61303832312f223b733a353a22656d61696c223b733a32333a2263616c6c656c756e6130383231407961686f6f2e636f6d223b733a343a226c6f676f223b733a33363a2275706c6f6164732f32303230313231393037343634365f72696f735f6c6f676f2e69636f223b7d757365725f69647c733a323a223134223b66697273746e616d657c733a363a22476f72717569223b6c6173746e616d657c733a363a2243686176657a223b6163636573735f746f6b656e7c733a303a22223b70686f6e655f6e756d6265727c733a303a22223b656d61696c7c733a31373a22676f7263686f7240676d61696c2e636f6d223b747970657c733a313a2235223b7374617475737c733a313a2231223b64656c6574655f666c61677c733a313a2230223b646174655f637265617465647c733a31393a22323032312d30312d32392031333a30363a3230223b),
('d3mlaefrkob1gulmt648ge1qvs2cajqv', '192.168.0.16', 1611968322, 0x5f5f63695f6c6173745f726567656e65726174657c693a313631313936383332323b73797374656d7c613a363a7b733a343a226e616d65223b733a31303a2243616c6c65204c756e61223b733a353a227469746c65223b733a31303a2243616c6c65204c756e61223b733a373a2261646472657373223b733a36333a22506c61726964656c2d416e746f6e696f204c756e612053742e2c20427267792e20312c2053696c617920436974792c204e65672e204f63632e2c2036313136223b733a363a2266625f75726c223b733a33393a2268747470733a2f2f7777772e66616365626f6f6b2e636f6d2f63616c6c656c756e61303832312f223b733a353a22656d61696c223b733a32333a2263616c6c656c756e6130383231407961686f6f2e636f6d223b733a343a226c6f676f223b733a33363a2275706c6f6164732f32303230313231393037343634365f72696f735f6c6f676f2e69636f223b7d757365725f69647c733a323a223134223b66697273746e616d657c733a363a22476f72717569223b6c6173746e616d657c733a363a2243686176657a223b6163636573735f746f6b656e7c733a303a22223b70686f6e655f6e756d6265727c733a303a22223b656d61696c7c733a31373a22676f7263686f7240676d61696c2e636f6d223b747970657c733a313a2235223b7374617475737c733a313a2231223b64656c6574655f666c61677c733a313a2230223b646174655f637265617465647c733a31393a22323032312d30312d32392031333a30363a3230223b),
('fjk6q1hdqulbhe16d2f9g261vkdg2mfk', '192.168.0.16', 1611968741, 0x5f5f63695f6c6173745f726567656e65726174657c693a313631313936383734313b73797374656d7c613a363a7b733a343a226e616d65223b733a31303a2243616c6c65204c756e61223b733a353a227469746c65223b733a31303a2243616c6c65204c756e61223b733a373a2261646472657373223b733a36333a22506c61726964656c2d416e746f6e696f204c756e612053742e2c20427267792e20312c2053696c617920436974792c204e65672e204f63632e2c2036313136223b733a363a2266625f75726c223b733a33393a2268747470733a2f2f7777772e66616365626f6f6b2e636f6d2f63616c6c656c756e61303832312f223b733a353a22656d61696c223b733a32333a2263616c6c656c756e6130383231407961686f6f2e636f6d223b733a343a226c6f676f223b733a33363a2275706c6f6164732f32303230313231393037343634365f72696f735f6c6f676f2e69636f223b7d757365725f69647c733a323a223134223b66697273746e616d657c733a363a22476f72717569223b6c6173746e616d657c733a363a2243686176657a223b6163636573735f746f6b656e7c733a303a22223b70686f6e655f6e756d6265727c733a303a22223b656d61696c7c733a31373a22676f7263686f7240676d61696c2e636f6d223b747970657c733a313a2235223b7374617475737c733a313a2231223b64656c6574655f666c61677c733a313a2230223b646174655f637265617465647c733a31393a22323032312d30312d32392031333a30363a3230223b),
('j1cr7valt2bbih5n86b1fpe1j5nq73g1', '192.168.0.16', 1611969278, 0x5f5f63695f6c6173745f726567656e65726174657c693a313631313936393237383b73797374656d7c613a363a7b733a343a226e616d65223b733a31303a2243616c6c65204c756e61223b733a353a227469746c65223b733a31303a2243616c6c65204c756e61223b733a373a2261646472657373223b733a36333a22506c61726964656c2d416e746f6e696f204c756e612053742e2c20427267792e20312c2053696c617920436974792c204e65672e204f63632e2c2036313136223b733a363a2266625f75726c223b733a33393a2268747470733a2f2f7777772e66616365626f6f6b2e636f6d2f63616c6c656c756e61303832312f223b733a353a22656d61696c223b733a32333a2263616c6c656c756e6130383231407961686f6f2e636f6d223b733a343a226c6f676f223b733a33363a2275706c6f6164732f32303230313231393037343634365f72696f735f6c6f676f2e69636f223b7d757365725f69647c733a313a2238223b66697273746e616d657c733a353a2261646d696e223b6c6173746e616d657c733a353a2261646d696e223b6163636573735f746f6b656e7c733a303a22223b70686f6e655f6e756d6265727c733a303a22223b656d61696c7c733a353a2261646d696e223b747970657c733a313a2231223b7374617475737c733a313a2231223b64656c6574655f666c61677c733a313a2230223b646174655f637265617465647c733a31393a22323032302d30352d30362030303a30343a3137223b),
('4n1b2tk0k2a6c5njh7gq13101p7kpcq3', '192.168.0.16', 1611970160, 0x5f5f63695f6c6173745f726567656e65726174657c693a313631313937303136303b73797374656d7c613a363a7b733a343a226e616d65223b733a31303a2243616c6c65204c756e61223b733a353a227469746c65223b733a31303a2243616c6c65204c756e61223b733a373a2261646472657373223b733a36333a22506c61726964656c2d416e746f6e696f204c756e612053742e2c20427267792e20312c2053696c617920436974792c204e65672e204f63632e2c2036313136223b733a363a2266625f75726c223b733a33393a2268747470733a2f2f7777772e66616365626f6f6b2e636f6d2f63616c6c656c756e61303832312f223b733a353a22656d61696c223b733a32333a2263616c6c656c756e6130383231407961686f6f2e636f6d223b733a343a226c6f676f223b733a33363a2275706c6f6164732f32303230313231393037343634365f72696f735f6c6f676f2e69636f223b7d757365725f69647c733a323a223134223b66697273746e616d657c733a363a22476f72717569223b6c6173746e616d657c733a363a2243686176657a223b6163636573735f746f6b656e7c733a303a22223b70686f6e655f6e756d6265727c733a303a22223b656d61696c7c733a31373a22676f7263686f7240676d61696c2e636f6d223b747970657c733a313a2235223b7374617475737c733a313a2231223b64656c6574655f666c61677c733a313a2230223b646174655f637265617465647c733a31393a22323032312d30312d32392031333a30363a3230223b),
('of5ego6vjbrhs2hu34pb242itjr026bn', '192.168.0.16', 1611969839, 0x5f5f63695f6c6173745f726567656e65726174657c693a313631313936393833393b73797374656d7c613a363a7b733a343a226e616d65223b733a31303a2243616c6c65204c756e61223b733a353a227469746c65223b733a31303a2243616c6c65204c756e61223b733a373a2261646472657373223b733a36333a22506c61726964656c2d416e746f6e696f204c756e612053742e2c20427267792e20312c2053696c617920436974792c204e65672e204f63632e2c2036313136223b733a363a2266625f75726c223b733a33393a2268747470733a2f2f7777772e66616365626f6f6b2e636f6d2f63616c6c656c756e61303832312f223b733a353a22656d61696c223b733a32333a2263616c6c656c756e6130383231407961686f6f2e636f6d223b733a343a226c6f676f223b733a33363a2275706c6f6164732f32303230313231393037343634365f72696f735f6c6f676f2e69636f223b7d757365725f69647c733a313a2238223b66697273746e616d657c733a353a2261646d696e223b6c6173746e616d657c733a353a2261646d696e223b6163636573735f746f6b656e7c733a303a22223b70686f6e655f6e756d6265727c733a303a22223b656d61696c7c733a353a2261646d696e223b747970657c733a313a2231223b7374617475737c733a313a2231223b64656c6574655f666c61677c733a313a2230223b646174655f637265617465647c733a31393a22323032302d30352d30362030303a30343a3137223b),
('ngh55nasvm3167djbjfr94ldb2iufqva', '192.168.0.16', 1611970164, 0x5f5f63695f6c6173745f726567656e65726174657c693a313631313937303136343b73797374656d7c613a363a7b733a343a226e616d65223b733a31303a2243616c6c65204c756e61223b733a353a227469746c65223b733a31303a2243616c6c65204c756e61223b733a373a2261646472657373223b733a36333a22506c61726964656c2d416e746f6e696f204c756e612053742e2c20427267792e20312c2053696c617920436974792c204e65672e204f63632e2c2036313136223b733a363a2266625f75726c223b733a33393a2268747470733a2f2f7777772e66616365626f6f6b2e636f6d2f63616c6c656c756e61303832312f223b733a353a22656d61696c223b733a32333a2263616c6c656c756e6130383231407961686f6f2e636f6d223b733a343a226c6f676f223b733a33363a2275706c6f6164732f32303230313231393037343634365f72696f735f6c6f676f2e69636f223b7d757365725f69647c733a313a2238223b66697273746e616d657c733a353a2261646d696e223b6c6173746e616d657c733a353a2261646d696e223b6163636573735f746f6b656e7c733a303a22223b70686f6e655f6e756d6265727c733a303a22223b656d61696c7c733a353a2261646d696e223b747970657c733a313a2231223b7374617475737c733a313a2231223b64656c6574655f666c61677c733a313a2230223b646174655f637265617465647c733a31393a22323032302d30352d30362030303a30343a3137223b),
('cpb3fu3df5u2csfnkff0jb60o8buel54', '192.168.0.16', 1611974256, 0x5f5f63695f6c6173745f726567656e65726174657c693a313631313937343235363b73797374656d7c613a363a7b733a343a226e616d65223b733a31303a2243616c6c65204c756e61223b733a353a227469746c65223b733a31303a2243616c6c65204c756e61223b733a373a2261646472657373223b733a36333a22506c61726964656c2d416e746f6e696f204c756e612053742e2c20427267792e20312c2053696c617920436974792c204e65672e204f63632e2c2036313136223b733a363a2266625f75726c223b733a33393a2268747470733a2f2f7777772e66616365626f6f6b2e636f6d2f63616c6c656c756e61303832312f223b733a353a22656d61696c223b733a32333a2263616c6c656c756e6130383231407961686f6f2e636f6d223b733a343a226c6f676f223b733a33363a2275706c6f6164732f32303230313231393037343634365f72696f735f6c6f676f2e69636f223b7d757365725f69647c733a323a223134223b66697273746e616d657c733a363a22476f72717569223b6c6173746e616d657c733a363a2243686176657a223b6163636573735f746f6b656e7c733a303a22223b70686f6e655f6e756d6265727c733a303a22223b656d61696c7c733a31373a22676f7263686f7240676d61696c2e636f6d223b747970657c733a313a2235223b7374617475737c733a313a2231223b64656c6574655f666c61677c733a313a2230223b646174655f637265617465647c733a31393a22323032312d30312d32392031333a30363a3230223b),
('5hc1nvq5b9nqn19mhfn03ugbh2904j3l', '192.168.0.16', 1611970470, 0x5f5f63695f6c6173745f726567656e65726174657c693a313631313937303437303b73797374656d7c613a363a7b733a343a226e616d65223b733a31303a2243616c6c65204c756e61223b733a353a227469746c65223b733a31303a2243616c6c65204c756e61223b733a373a2261646472657373223b733a36333a22506c61726964656c2d416e746f6e696f204c756e612053742e2c20427267792e20312c2053696c617920436974792c204e65672e204f63632e2c2036313136223b733a363a2266625f75726c223b733a33393a2268747470733a2f2f7777772e66616365626f6f6b2e636f6d2f63616c6c656c756e61303832312f223b733a353a22656d61696c223b733a32333a2263616c6c656c756e6130383231407961686f6f2e636f6d223b733a343a226c6f676f223b733a33363a2275706c6f6164732f32303230313231393037343634365f72696f735f6c6f676f2e69636f223b7d757365725f69647c733a313a2238223b66697273746e616d657c733a353a2261646d696e223b6c6173746e616d657c733a353a2261646d696e223b6163636573735f746f6b656e7c733a303a22223b70686f6e655f6e756d6265727c733a303a22223b656d61696c7c733a353a2261646d696e223b747970657c733a313a2231223b7374617475737c733a313a2231223b64656c6574655f666c61677c733a313a2230223b646174655f637265617465647c733a31393a22323032302d30352d30362030303a30343a3137223b),
('6ogienag47b6lh9l5pifekeb06p7delo', '192.168.0.16', 1611970780, 0x5f5f63695f6c6173745f726567656e65726174657c693a313631313937303738303b73797374656d7c613a363a7b733a343a226e616d65223b733a31303a2243616c6c65204c756e61223b733a353a227469746c65223b733a31303a2243616c6c65204c756e61223b733a373a2261646472657373223b733a36333a22506c61726964656c2d416e746f6e696f204c756e612053742e2c20427267792e20312c2053696c617920436974792c204e65672e204f63632e2c2036313136223b733a363a2266625f75726c223b733a33393a2268747470733a2f2f7777772e66616365626f6f6b2e636f6d2f63616c6c656c756e61303832312f223b733a353a22656d61696c223b733a32333a2263616c6c656c756e6130383231407961686f6f2e636f6d223b733a343a226c6f676f223b733a33363a2275706c6f6164732f32303230313231393037343634365f72696f735f6c6f676f2e69636f223b7d757365725f69647c733a313a2238223b66697273746e616d657c733a353a2261646d696e223b6c6173746e616d657c733a353a2261646d696e223b6163636573735f746f6b656e7c733a303a22223b70686f6e655f6e756d6265727c733a303a22223b656d61696c7c733a353a2261646d696e223b747970657c733a313a2231223b7374617475737c733a313a2231223b64656c6574655f666c61677c733a313a2230223b646174655f637265617465647c733a31393a22323032302d30352d30362030303a30343a3137223b),
('sc1preuqqmf1l6jku80cgrqirg6483p3', '192.168.0.16', 1611971296, 0x5f5f63695f6c6173745f726567656e65726174657c693a313631313937313239363b73797374656d7c613a363a7b733a343a226e616d65223b733a31303a2243616c6c65204c756e61223b733a353a227469746c65223b733a31303a2243616c6c65204c756e61223b733a373a2261646472657373223b733a36333a22506c61726964656c2d416e746f6e696f204c756e612053742e2c20427267792e20312c2053696c617920436974792c204e65672e204f63632e2c2036313136223b733a363a2266625f75726c223b733a33393a2268747470733a2f2f7777772e66616365626f6f6b2e636f6d2f63616c6c656c756e61303832312f223b733a353a22656d61696c223b733a32333a2263616c6c656c756e6130383231407961686f6f2e636f6d223b733a343a226c6f676f223b733a33363a2275706c6f6164732f32303230313231393037343634365f72696f735f6c6f676f2e69636f223b7d757365725f69647c733a313a2238223b66697273746e616d657c733a353a2261646d696e223b6c6173746e616d657c733a353a2261646d696e223b6163636573735f746f6b656e7c733a303a22223b70686f6e655f6e756d6265727c733a303a22223b656d61696c7c733a353a2261646d696e223b747970657c733a313a2231223b7374617475737c733a313a2231223b64656c6574655f666c61677c733a313a2230223b646174655f637265617465647c733a31393a22323032302d30352d30362030303a30343a3137223b),
('596u6158k4vticfmikov9tq9ringscdn', '::1', 1611970971, 0x5f5f63695f6c6173745f726567656e65726174657c693a313631313937303937303b73797374656d7c613a363a7b733a343a226e616d65223b733a31303a2243616c6c65204c756e61223b733a353a227469746c65223b733a31303a2243616c6c65204c756e61223b733a373a2261646472657373223b733a36333a22506c61726964656c2d416e746f6e696f204c756e612053742e2c20427267792e20312c2053696c617920436974792c204e65672e204f63632e2c2036313136223b733a363a2266625f75726c223b733a33393a2268747470733a2f2f7777772e66616365626f6f6b2e636f6d2f63616c6c656c756e61303832312f223b733a353a22656d61696c223b733a32333a2263616c6c656c756e6130383231407961686f6f2e636f6d223b733a343a226c6f676f223b733a33363a2275706c6f6164732f32303230313231393037343634365f72696f735f6c6f676f2e69636f223b7d),
('fum9ut30gu6g4dcrgppr8o19bblq17u0', '192.168.0.16', 1611971698, 0x5f5f63695f6c6173745f726567656e65726174657c693a313631313937313639383b73797374656d7c613a363a7b733a343a226e616d65223b733a31303a2243616c6c65204c756e61223b733a353a227469746c65223b733a31303a2243616c6c65204c756e61223b733a373a2261646472657373223b733a36333a22506c61726964656c2d416e746f6e696f204c756e612053742e2c20427267792e20312c2053696c617920436974792c204e65672e204f63632e2c2036313136223b733a363a2266625f75726c223b733a33393a2268747470733a2f2f7777772e66616365626f6f6b2e636f6d2f63616c6c656c756e61303832312f223b733a353a22656d61696c223b733a32333a2263616c6c656c756e6130383231407961686f6f2e636f6d223b733a343a226c6f676f223b733a33363a2275706c6f6164732f32303230313231393037343634365f72696f735f6c6f676f2e69636f223b7d757365725f69647c733a313a2238223b66697273746e616d657c733a353a2261646d696e223b6c6173746e616d657c733a353a2261646d696e223b6163636573735f746f6b656e7c733a303a22223b70686f6e655f6e756d6265727c733a303a22223b656d61696c7c733a353a2261646d696e223b747970657c733a313a2231223b7374617475737c733a313a2231223b64656c6574655f666c61677c733a313a2230223b646174655f637265617465647c733a31393a22323032302d30352d30362030303a30343a3137223b),
('uro5umo2m66bnoq63lscd21gb5iejaj0', '192.168.0.16', 1611972079, 0x5f5f63695f6c6173745f726567656e65726174657c693a313631313937323037393b73797374656d7c613a363a7b733a343a226e616d65223b733a31303a2243616c6c65204c756e61223b733a353a227469746c65223b733a31303a2243616c6c65204c756e61223b733a373a2261646472657373223b733a36333a22506c61726964656c2d416e746f6e696f204c756e612053742e2c20427267792e20312c2053696c617920436974792c204e65672e204f63632e2c2036313136223b733a363a2266625f75726c223b733a33393a2268747470733a2f2f7777772e66616365626f6f6b2e636f6d2f63616c6c656c756e61303832312f223b733a353a22656d61696c223b733a32333a2263616c6c656c756e6130383231407961686f6f2e636f6d223b733a343a226c6f676f223b733a33363a2275706c6f6164732f32303230313231393037343634365f72696f735f6c6f676f2e69636f223b7d757365725f69647c733a313a2238223b66697273746e616d657c733a353a2261646d696e223b6c6173746e616d657c733a353a2261646d696e223b6163636573735f746f6b656e7c733a303a22223b70686f6e655f6e756d6265727c733a303a22223b656d61696c7c733a353a2261646d696e223b747970657c733a313a2231223b7374617475737c733a313a2231223b64656c6574655f666c61677c733a313a2230223b646174655f637265617465647c733a31393a22323032302d30352d30362030303a30343a3137223b),
('cmc7b26562pb1em7pas1kpp3k2jd1h71', '192.168.0.16', 1611972408, 0x5f5f63695f6c6173745f726567656e65726174657c693a313631313937323430383b73797374656d7c613a363a7b733a343a226e616d65223b733a31303a2243616c6c65204c756e61223b733a353a227469746c65223b733a31303a2243616c6c65204c756e61223b733a373a2261646472657373223b733a36333a22506c61726964656c2d416e746f6e696f204c756e612053742e2c20427267792e20312c2053696c617920436974792c204e65672e204f63632e2c2036313136223b733a363a2266625f75726c223b733a33393a2268747470733a2f2f7777772e66616365626f6f6b2e636f6d2f63616c6c656c756e61303832312f223b733a353a22656d61696c223b733a32333a2263616c6c656c756e6130383231407961686f6f2e636f6d223b733a343a226c6f676f223b733a33363a2275706c6f6164732f32303230313231393037343634365f72696f735f6c6f676f2e69636f223b7d757365725f69647c733a313a2238223b66697273746e616d657c733a353a2261646d696e223b6c6173746e616d657c733a353a2261646d696e223b6163636573735f746f6b656e7c733a303a22223b70686f6e655f6e756d6265727c733a303a22223b656d61696c7c733a353a2261646d696e223b747970657c733a313a2231223b7374617475737c733a313a2231223b64656c6574655f666c61677c733a313a2230223b646174655f637265617465647c733a31393a22323032302d30352d30362030303a30343a3137223b),
('rvmbe0dlt2s7ql5sk1dhgkrfjgf9scsb', '192.168.0.16', 1611972768, 0x5f5f63695f6c6173745f726567656e65726174657c693a313631313937323736383b73797374656d7c613a363a7b733a343a226e616d65223b733a31303a2243616c6c65204c756e61223b733a353a227469746c65223b733a31303a2243616c6c65204c756e61223b733a373a2261646472657373223b733a36333a22506c61726964656c2d416e746f6e696f204c756e612053742e2c20427267792e20312c2053696c617920436974792c204e65672e204f63632e2c2036313136223b733a363a2266625f75726c223b733a33393a2268747470733a2f2f7777772e66616365626f6f6b2e636f6d2f63616c6c656c756e61303832312f223b733a353a22656d61696c223b733a32333a2263616c6c656c756e6130383231407961686f6f2e636f6d223b733a343a226c6f676f223b733a33363a2275706c6f6164732f32303230313231393037343634365f72696f735f6c6f676f2e69636f223b7d757365725f69647c733a313a2238223b66697273746e616d657c733a353a2261646d696e223b6c6173746e616d657c733a353a2261646d696e223b6163636573735f746f6b656e7c733a303a22223b70686f6e655f6e756d6265727c733a303a22223b656d61696c7c733a353a2261646d696e223b747970657c733a313a2231223b7374617475737c733a313a2231223b64656c6574655f666c61677c733a313a2230223b646174655f637265617465647c733a31393a22323032302d30352d30362030303a30343a3137223b),
('hogc3kecjvvvko7h0h1sak63e06d4cd6', '192.168.0.16', 1611973110, 0x5f5f63695f6c6173745f726567656e65726174657c693a313631313937333131303b73797374656d7c613a363a7b733a343a226e616d65223b733a31303a2243616c6c65204c756e61223b733a353a227469746c65223b733a31303a2243616c6c65204c756e61223b733a373a2261646472657373223b733a36333a22506c61726964656c2d416e746f6e696f204c756e612053742e2c20427267792e20312c2053696c617920436974792c204e65672e204f63632e2c2036313136223b733a363a2266625f75726c223b733a33393a2268747470733a2f2f7777772e66616365626f6f6b2e636f6d2f63616c6c656c756e61303832312f223b733a353a22656d61696c223b733a32333a2263616c6c656c756e6130383231407961686f6f2e636f6d223b733a343a226c6f676f223b733a33363a2275706c6f6164732f32303230313231393037343634365f72696f735f6c6f676f2e69636f223b7d757365725f69647c733a313a2238223b66697273746e616d657c733a353a2261646d696e223b6c6173746e616d657c733a353a2261646d696e223b6163636573735f746f6b656e7c733a303a22223b70686f6e655f6e756d6265727c733a303a22223b656d61696c7c733a353a2261646d696e223b747970657c733a313a2231223b7374617475737c733a313a2231223b64656c6574655f666c61677c733a313a2230223b646174655f637265617465647c733a31393a22323032302d30352d30362030303a30343a3137223b),
('tk91q33a1ipecve0696eqv999nvum86a', '192.168.0.16', 1611973532, 0x5f5f63695f6c6173745f726567656e65726174657c693a313631313937333533323b73797374656d7c613a363a7b733a343a226e616d65223b733a31303a2243616c6c65204c756e61223b733a353a227469746c65223b733a31303a2243616c6c65204c756e61223b733a373a2261646472657373223b733a36333a22506c61726964656c2d416e746f6e696f204c756e612053742e2c20427267792e20312c2053696c617920436974792c204e65672e204f63632e2c2036313136223b733a363a2266625f75726c223b733a33393a2268747470733a2f2f7777772e66616365626f6f6b2e636f6d2f63616c6c656c756e61303832312f223b733a353a22656d61696c223b733a32333a2263616c6c656c756e6130383231407961686f6f2e636f6d223b733a343a226c6f676f223b733a33363a2275706c6f6164732f32303230313231393037343634365f72696f735f6c6f676f2e69636f223b7d757365725f69647c733a313a2238223b66697273746e616d657c733a353a2261646d696e223b6c6173746e616d657c733a353a2261646d696e223b6163636573735f746f6b656e7c733a303a22223b70686f6e655f6e756d6265727c733a303a22223b656d61696c7c733a353a2261646d696e223b747970657c733a313a2231223b7374617475737c733a313a2231223b64656c6574655f666c61677c733a313a2230223b646174655f637265617465647c733a31393a22323032302d30352d30362030303a30343a3137223b),
('ses9qal7o0cv1cnpph9g3p52pmsob394', '192.168.0.16', 1611973868, 0x5f5f63695f6c6173745f726567656e65726174657c693a313631313937333836383b73797374656d7c613a363a7b733a343a226e616d65223b733a31303a2243616c6c65204c756e61223b733a353a227469746c65223b733a31303a2243616c6c65204c756e61223b733a373a2261646472657373223b733a36333a22506c61726964656c2d416e746f6e696f204c756e612053742e2c20427267792e20312c2053696c617920436974792c204e65672e204f63632e2c2036313136223b733a363a2266625f75726c223b733a33393a2268747470733a2f2f7777772e66616365626f6f6b2e636f6d2f63616c6c656c756e61303832312f223b733a353a22656d61696c223b733a32333a2263616c6c656c756e6130383231407961686f6f2e636f6d223b733a343a226c6f676f223b733a33363a2275706c6f6164732f32303230313231393037343634365f72696f735f6c6f676f2e69636f223b7d757365725f69647c733a313a2238223b66697273746e616d657c733a353a2261646d696e223b6c6173746e616d657c733a353a2261646d696e223b6163636573735f746f6b656e7c733a303a22223b70686f6e655f6e756d6265727c733a303a22223b656d61696c7c733a353a2261646d696e223b747970657c733a313a2231223b7374617475737c733a313a2231223b64656c6574655f666c61677c733a313a2230223b646174655f637265617465647c733a31393a22323032302d30352d30362030303a30343a3137223b),
('kojsp7fimo1s84vumo8k20f70e8c40vi', '192.168.0.16', 1611974193, 0x5f5f63695f6c6173745f726567656e65726174657c693a313631313937343139333b73797374656d7c613a363a7b733a343a226e616d65223b733a31303a2243616c6c65204c756e61223b733a353a227469746c65223b733a31303a2243616c6c65204c756e61223b733a373a2261646472657373223b733a36333a22506c61726964656c2d416e746f6e696f204c756e612053742e2c20427267792e20312c2053696c617920436974792c204e65672e204f63632e2c2036313136223b733a363a2266625f75726c223b733a33393a2268747470733a2f2f7777772e66616365626f6f6b2e636f6d2f63616c6c656c756e61303832312f223b733a353a22656d61696c223b733a32333a2263616c6c656c756e6130383231407961686f6f2e636f6d223b733a343a226c6f676f223b733a33363a2275706c6f6164732f32303230313231393037343634365f72696f735f6c6f676f2e69636f223b7d757365725f69647c733a313a2238223b66697273746e616d657c733a353a2261646d696e223b6c6173746e616d657c733a353a2261646d696e223b6163636573735f746f6b656e7c733a303a22223b70686f6e655f6e756d6265727c733a303a22223b656d61696c7c733a353a2261646d696e223b747970657c733a313a2231223b7374617475737c733a313a2231223b64656c6574655f666c61677c733a313a2230223b646174655f637265617465647c733a31393a22323032302d30352d30362030303a30343a3137223b),
('56qav88g1j2ea6eumavp0cau3iq1cbqt', '192.168.0.16', 1611975055, 0x5f5f63695f6c6173745f726567656e65726174657c693a313631313937353035353b73797374656d7c613a363a7b733a343a226e616d65223b733a31303a2243616c6c65204c756e61223b733a353a227469746c65223b733a31303a2243616c6c65204c756e61223b733a373a2261646472657373223b733a36333a22506c61726964656c2d416e746f6e696f204c756e612053742e2c20427267792e20312c2053696c617920436974792c204e65672e204f63632e2c2036313136223b733a363a2266625f75726c223b733a33393a2268747470733a2f2f7777772e66616365626f6f6b2e636f6d2f63616c6c656c756e61303832312f223b733a353a22656d61696c223b733a32333a2263616c6c656c756e6130383231407961686f6f2e636f6d223b733a343a226c6f676f223b733a33363a2275706c6f6164732f32303230313231393037343634365f72696f735f6c6f676f2e69636f223b7d757365725f69647c733a313a2238223b66697273746e616d657c733a353a2261646d696e223b6c6173746e616d657c733a353a2261646d696e223b6163636573735f746f6b656e7c733a303a22223b70686f6e655f6e756d6265727c733a303a22223b656d61696c7c733a353a2261646d696e223b747970657c733a313a2231223b7374617475737c733a313a2231223b64656c6574655f666c61677c733a313a2230223b646174655f637265617465647c733a31393a22323032302d30352d30362030303a30343a3137223b),
('4pim7163su4un1dg809l5vttchocsn9u', '192.168.0.16', 1611975318, 0x5f5f63695f6c6173745f726567656e65726174657c693a313631313937353331383b73797374656d7c613a363a7b733a343a226e616d65223b733a31303a2243616c6c65204c756e61223b733a353a227469746c65223b733a31303a2243616c6c65204c756e61223b733a373a2261646472657373223b733a36333a22506c61726964656c2d416e746f6e696f204c756e612053742e2c20427267792e20312c2053696c617920436974792c204e65672e204f63632e2c2036313136223b733a363a2266625f75726c223b733a33393a2268747470733a2f2f7777772e66616365626f6f6b2e636f6d2f63616c6c656c756e61303832312f223b733a353a22656d61696c223b733a32333a2263616c6c656c756e6130383231407961686f6f2e636f6d223b733a343a226c6f676f223b733a33363a2275706c6f6164732f32303230313231393037343634365f72696f735f6c6f676f2e69636f223b7d757365725f69647c733a323a223134223b66697273746e616d657c733a363a22476f72717569223b6c6173746e616d657c733a363a2243686176657a223b6163636573735f746f6b656e7c733a303a22223b70686f6e655f6e756d6265727c733a303a22223b656d61696c7c733a31373a22676f7263686f7240676d61696c2e636f6d223b747970657c733a313a2235223b7374617475737c733a313a2231223b64656c6574655f666c61677c733a313a2230223b646174655f637265617465647c733a31393a22323032312d30312d32392031333a30363a3230223b),
('vf9i28v3s8afsc7e87gdg81g60i91qd8', '192.168.0.16', 1611975628, 0x5f5f63695f6c6173745f726567656e65726174657c693a313631313937353632383b73797374656d7c613a363a7b733a343a226e616d65223b733a31303a2243616c6c65204c756e61223b733a353a227469746c65223b733a31303a2243616c6c65204c756e61223b733a373a2261646472657373223b733a36333a22506c61726964656c2d416e746f6e696f204c756e612053742e2c20427267792e20312c2053696c617920436974792c204e65672e204f63632e2c2036313136223b733a363a2266625f75726c223b733a33393a2268747470733a2f2f7777772e66616365626f6f6b2e636f6d2f63616c6c656c756e61303832312f223b733a353a22656d61696c223b733a32333a2263616c6c656c756e6130383231407961686f6f2e636f6d223b733a343a226c6f676f223b733a33363a2275706c6f6164732f32303230313231393037343634365f72696f735f6c6f676f2e69636f223b7d757365725f69647c733a313a2238223b66697273746e616d657c733a353a2261646d696e223b6c6173746e616d657c733a353a2261646d696e223b6163636573735f746f6b656e7c733a303a22223b70686f6e655f6e756d6265727c733a303a22223b656d61696c7c733a353a2261646d696e223b747970657c733a313a2231223b7374617475737c733a313a2231223b64656c6574655f666c61677c733a313a2230223b646174655f637265617465647c733a31393a22323032302d30352d30362030303a30343a3137223b),
('9n6art7siismqtlm4mfg7kvcha8rhgfg', '192.168.0.16', 1611975661, 0x5f5f63695f6c6173745f726567656e65726174657c693a313631313937353636313b73797374656d7c613a363a7b733a343a226e616d65223b733a31303a2243616c6c65204c756e61223b733a353a227469746c65223b733a31303a2243616c6c65204c756e61223b733a373a2261646472657373223b733a36333a22506c61726964656c2d416e746f6e696f204c756e612053742e2c20427267792e20312c2053696c617920436974792c204e65672e204f63632e2c2036313136223b733a363a2266625f75726c223b733a33393a2268747470733a2f2f7777772e66616365626f6f6b2e636f6d2f63616c6c656c756e61303832312f223b733a353a22656d61696c223b733a32333a2263616c6c656c756e6130383231407961686f6f2e636f6d223b733a343a226c6f676f223b733a33363a2275706c6f6164732f32303230313231393037343634365f72696f735f6c6f676f2e69636f223b7d757365725f69647c733a323a223134223b66697273746e616d657c733a363a22476f72717569223b6c6173746e616d657c733a363a2243686176657a223b6163636573735f746f6b656e7c733a303a22223b70686f6e655f6e756d6265727c733a303a22223b656d61696c7c733a31373a22676f7263686f7240676d61696c2e636f6d223b747970657c733a313a2235223b7374617475737c733a313a2231223b64656c6574655f666c61677c733a313a2230223b646174655f637265617465647c733a31393a22323032312d30312d32392031333a30363a3230223b),
('dqfd1dfi3c5ja8ad26fogo105godfajj', '192.168.0.16', 1611975957, 0x5f5f63695f6c6173745f726567656e65726174657c693a313631313937353935373b73797374656d7c613a363a7b733a343a226e616d65223b733a31303a2243616c6c65204c756e61223b733a353a227469746c65223b733a31303a2243616c6c65204c756e61223b733a373a2261646472657373223b733a36333a22506c61726964656c2d416e746f6e696f204c756e612053742e2c20427267792e20312c2053696c617920436974792c204e65672e204f63632e2c2036313136223b733a363a2266625f75726c223b733a33393a2268747470733a2f2f7777772e66616365626f6f6b2e636f6d2f63616c6c656c756e61303832312f223b733a353a22656d61696c223b733a32333a2263616c6c656c756e6130383231407961686f6f2e636f6d223b733a343a226c6f676f223b733a33363a2275706c6f6164732f32303230313231393037343634365f72696f735f6c6f676f2e69636f223b7d757365725f69647c733a313a2238223b66697273746e616d657c733a353a2261646d696e223b6c6173746e616d657c733a353a2261646d696e223b6163636573735f746f6b656e7c733a303a22223b70686f6e655f6e756d6265727c733a303a22223b656d61696c7c733a353a2261646d696e223b747970657c733a313a2231223b7374617475737c733a313a2231223b64656c6574655f666c61677c733a313a2230223b646174655f637265617465647c733a31393a22323032302d30352d30362030303a30343a3137223b),
('t35jb1rvn1imuk296hve46chj3u46lgf', '192.168.0.16', 1611979411, 0x5f5f63695f6c6173745f726567656e65726174657c693a313631313937393431313b73797374656d7c613a363a7b733a343a226e616d65223b733a31303a2243616c6c65204c756e61223b733a353a227469746c65223b733a31303a2243616c6c65204c756e61223b733a373a2261646472657373223b733a36333a22506c61726964656c2d416e746f6e696f204c756e612053742e2c20427267792e20312c2053696c617920436974792c204e65672e204f63632e2c2036313136223b733a363a2266625f75726c223b733a33393a2268747470733a2f2f7777772e66616365626f6f6b2e636f6d2f63616c6c656c756e61303832312f223b733a353a22656d61696c223b733a32333a2263616c6c656c756e6130383231407961686f6f2e636f6d223b733a343a226c6f676f223b733a33363a2275706c6f6164732f32303230313231393037343634365f72696f735f6c6f676f2e69636f223b7d757365725f69647c733a323a223134223b66697273746e616d657c733a363a22476f72717569223b6c6173746e616d657c733a363a2243686176657a223b6163636573735f746f6b656e7c733a303a22223b70686f6e655f6e756d6265727c733a303a22223b656d61696c7c733a31373a22676f7263686f7240676d61696c2e636f6d223b747970657c733a313a2235223b7374617475737c733a313a2231223b64656c6574655f666c61677c733a313a2230223b646174655f637265617465647c733a31393a22323032312d30312d32392031333a30363a3230223b),
('cajrmgba7g7seqops2t9sv82d80ts690', '192.168.0.16', 1611976318, 0x5f5f63695f6c6173745f726567656e65726174657c693a313631313937363331383b73797374656d7c613a363a7b733a343a226e616d65223b733a31303a2243616c6c65204c756e61223b733a353a227469746c65223b733a31303a2243616c6c65204c756e61223b733a373a2261646472657373223b733a36333a22506c61726964656c2d416e746f6e696f204c756e612053742e2c20427267792e20312c2053696c617920436974792c204e65672e204f63632e2c2036313136223b733a363a2266625f75726c223b733a33393a2268747470733a2f2f7777772e66616365626f6f6b2e636f6d2f63616c6c656c756e61303832312f223b733a353a22656d61696c223b733a32333a2263616c6c656c756e6130383231407961686f6f2e636f6d223b733a343a226c6f676f223b733a33363a2275706c6f6164732f32303230313231393037343634365f72696f735f6c6f676f2e69636f223b7d757365725f69647c733a313a2238223b66697273746e616d657c733a353a2261646d696e223b6c6173746e616d657c733a353a2261646d696e223b6163636573735f746f6b656e7c733a303a22223b70686f6e655f6e756d6265727c733a303a22223b656d61696c7c733a353a2261646d696e223b747970657c733a313a2231223b7374617475737c733a313a2231223b64656c6574655f666c61677c733a313a2230223b646174655f637265617465647c733a31393a22323032302d30352d30362030303a30343a3137223b),
('k0gpe5r4ldjiheaiig3k56j3qqgq5hjd', '192.168.0.16', 1611976626, 0x5f5f63695f6c6173745f726567656e65726174657c693a313631313937363632363b73797374656d7c613a363a7b733a343a226e616d65223b733a31303a2243616c6c65204c756e61223b733a353a227469746c65223b733a31303a2243616c6c65204c756e61223b733a373a2261646472657373223b733a36333a22506c61726964656c2d416e746f6e696f204c756e612053742e2c20427267792e20312c2053696c617920436974792c204e65672e204f63632e2c2036313136223b733a363a2266625f75726c223b733a33393a2268747470733a2f2f7777772e66616365626f6f6b2e636f6d2f63616c6c656c756e61303832312f223b733a353a22656d61696c223b733a32333a2263616c6c656c756e6130383231407961686f6f2e636f6d223b733a343a226c6f676f223b733a33363a2275706c6f6164732f32303230313231393037343634365f72696f735f6c6f676f2e69636f223b7d757365725f69647c733a313a2238223b66697273746e616d657c733a353a2261646d696e223b6c6173746e616d657c733a353a2261646d696e223b6163636573735f746f6b656e7c733a303a22223b70686f6e655f6e756d6265727c733a303a22223b656d61696c7c733a353a2261646d696e223b747970657c733a313a2231223b7374617475737c733a313a2231223b64656c6574655f666c61677c733a313a2230223b646174655f637265617465647c733a31393a22323032302d30352d30362030303a30343a3137223b),
('g5np5ioecprqvbnm4m227a6r3lfum125', '192.168.0.16', 1611976933, 0x5f5f63695f6c6173745f726567656e65726174657c693a313631313937363933333b73797374656d7c613a363a7b733a343a226e616d65223b733a31303a2243616c6c65204c756e61223b733a353a227469746c65223b733a31303a2243616c6c65204c756e61223b733a373a2261646472657373223b733a36333a22506c61726964656c2d416e746f6e696f204c756e612053742e2c20427267792e20312c2053696c617920436974792c204e65672e204f63632e2c2036313136223b733a363a2266625f75726c223b733a33393a2268747470733a2f2f7777772e66616365626f6f6b2e636f6d2f63616c6c656c756e61303832312f223b733a353a22656d61696c223b733a32333a2263616c6c656c756e6130383231407961686f6f2e636f6d223b733a343a226c6f676f223b733a33363a2275706c6f6164732f32303230313231393037343634365f72696f735f6c6f676f2e69636f223b7d757365725f69647c733a313a2238223b66697273746e616d657c733a353a2261646d696e223b6c6173746e616d657c733a353a2261646d696e223b6163636573735f746f6b656e7c733a303a22223b70686f6e655f6e756d6265727c733a303a22223b656d61696c7c733a353a2261646d696e223b747970657c733a313a2231223b7374617475737c733a313a2231223b64656c6574655f666c61677c733a313a2230223b646174655f637265617465647c733a31393a22323032302d30352d30362030303a30343a3137223b),
('c66oqvhfqkkkpnks1nsogou7cd5v412h', '192.168.0.16', 1611977261, 0x5f5f63695f6c6173745f726567656e65726174657c693a313631313937373236313b73797374656d7c613a363a7b733a343a226e616d65223b733a31303a2243616c6c65204c756e61223b733a353a227469746c65223b733a31303a2243616c6c65204c756e61223b733a373a2261646472657373223b733a36333a22506c61726964656c2d416e746f6e696f204c756e612053742e2c20427267792e20312c2053696c617920436974792c204e65672e204f63632e2c2036313136223b733a363a2266625f75726c223b733a33393a2268747470733a2f2f7777772e66616365626f6f6b2e636f6d2f63616c6c656c756e61303832312f223b733a353a22656d61696c223b733a32333a2263616c6c656c756e6130383231407961686f6f2e636f6d223b733a343a226c6f676f223b733a33363a2275706c6f6164732f32303230313231393037343634365f72696f735f6c6f676f2e69636f223b7d757365725f69647c733a313a2238223b66697273746e616d657c733a353a2261646d696e223b6c6173746e616d657c733a353a2261646d696e223b6163636573735f746f6b656e7c733a303a22223b70686f6e655f6e756d6265727c733a303a22223b656d61696c7c733a353a2261646d696e223b747970657c733a313a2231223b7374617475737c733a313a2231223b64656c6574655f666c61677c733a313a2230223b646174655f637265617465647c733a31393a22323032302d30352d30362030303a30343a3137223b),
('eq2kkfr75vk568em4up5pn6lpbfd3nvv', '192.168.0.16', 1611977583, 0x5f5f63695f6c6173745f726567656e65726174657c693a313631313937373538333b73797374656d7c613a363a7b733a343a226e616d65223b733a383a22506c617465613231223b733a353a227469746c65223b733a31303a2243616c6c65204c756e61223b733a373a2261646472657373223b733a36333a22506c61726964656c2d416e746f6e696f204c756e612053742e2c20427267792e20312c2053696c617920436974792c204e65672e204f63632e2c2036313136223b733a363a2266625f75726c223b733a33393a2268747470733a2f2f7777772e66616365626f6f6b2e636f6d2f63616c6c656c756e61303832312f223b733a353a22656d61696c223b733a32333a2263616c6c656c756e6130383231407961686f6f2e636f6d223b733a343a226c6f676f223b733a33363a2275706c6f6164732f32303230313231393037343634365f72696f735f6c6f676f2e69636f223b7d757365725f69647c733a313a2238223b66697273746e616d657c733a353a2261646d696e223b6c6173746e616d657c733a353a2261646d696e223b6163636573735f746f6b656e7c733a303a22223b70686f6e655f6e756d6265727c733a303a22223b656d61696c7c733a353a2261646d696e223b747970657c733a313a2231223b7374617475737c733a313a2231223b64656c6574655f666c61677c733a313a2230223b646174655f637265617465647c733a31393a22323032302d30352d30362030303a30343a3137223b),
('6csno1g1sd3fspb18v3irg3e0pk76kgl', '192.168.0.16', 1611977988, 0x5f5f63695f6c6173745f726567656e65726174657c693a313631313937373938383b73797374656d7c613a363a7b733a343a226e616d65223b733a383a22506c617465613231223b733a353a227469746c65223b733a32353a2250656469646f73204f6e6c696e65202d2044656c6976657279223b733a373a2261646472657373223b733a31323a225461636e612c20506572c3ba223b733a363a2266625f75726c223b733a33343a2268747470733a2f2f7777772e66616365626f6f6b2e636f6d2f706c6174656132312f223b733a353a22656d61696c223b733a31373a22676f7263686f7240676d61696c2e636f6d223b733a343a226c6f676f223b733a33373a2275706c6f6164732f32303231303133303033333632365f626c616e636f5f706f732e706e67223b7d757365725f69647c733a313a2238223b66697273746e616d657c733a353a2261646d696e223b6c6173746e616d657c733a353a2261646d696e223b6163636573735f746f6b656e7c733a303a22223b70686f6e655f6e756d6265727c733a303a22223b656d61696c7c733a353a2261646d696e223b747970657c733a313a2231223b7374617475737c733a313a2231223b64656c6574655f666c61677c733a313a2230223b646174655f637265617465647c733a31393a22323032302d30352d30362030303a30343a3137223b);
INSERT INTO `ci_sessions` (`id`, `ip_address`, `timestamp`, `data`) VALUES
('n42qaitftbr3nru4465h5omuo7sc8n43', '192.168.0.16', 1611978341, 0x5f5f63695f6c6173745f726567656e65726174657c693a313631313937383334313b73797374656d7c613a363a7b733a343a226e616d65223b733a383a22506c617465613231223b733a353a227469746c65223b733a32353a2250656469646f73204f6e6c696e65202d2044656c6976657279223b733a373a2261646472657373223b733a31323a225461636e612c20506572c3ba223b733a363a2266625f75726c223b733a33343a2268747470733a2f2f7777772e66616365626f6f6b2e636f6d2f706c6174656132312f223b733a353a22656d61696c223b733a31373a22676f7263686f7240676d61696c2e636f6d223b733a343a226c6f676f223b733a33373a2275706c6f6164732f32303231303133303033333632365f626c616e636f5f706f732e706e67223b7d757365725f69647c733a313a2238223b66697273746e616d657c733a353a2261646d696e223b6c6173746e616d657c733a353a2261646d696e223b6163636573735f746f6b656e7c733a303a22223b70686f6e655f6e756d6265727c733a303a22223b656d61696c7c733a353a2261646d696e223b747970657c733a313a2231223b7374617475737c733a313a2231223b64656c6574655f666c61677c733a313a2230223b646174655f637265617465647c733a31393a22323032302d30352d30362030303a30343a3137223b),
('870485a1h79rvan10a5g5mv9jfpi52lj', '192.168.0.16', 1611978653, 0x5f5f63695f6c6173745f726567656e65726174657c693a313631313937383635333b73797374656d7c613a363a7b733a343a226e616d65223b733a383a22506c617465613231223b733a353a227469746c65223b733a32353a2250656469646f73204f6e6c696e65202d2044656c6976657279223b733a373a2261646472657373223b733a31323a225461636e612c20506572c3ba223b733a363a2266625f75726c223b733a33343a2268747470733a2f2f7777772e66616365626f6f6b2e636f6d2f706c6174656132312f223b733a353a22656d61696c223b733a31373a22676f7263686f7240676d61696c2e636f6d223b733a343a226c6f676f223b733a33373a2275706c6f6164732f32303231303133303033333632365f626c616e636f5f706f732e706e67223b7d757365725f69647c733a313a2238223b66697273746e616d657c733a353a2261646d696e223b6c6173746e616d657c733a353a2261646d696e223b6163636573735f746f6b656e7c733a303a22223b70686f6e655f6e756d6265727c733a303a22223b656d61696c7c733a353a2261646d696e223b747970657c733a313a2231223b7374617475737c733a313a2231223b64656c6574655f666c61677c733a313a2230223b646174655f637265617465647c733a31393a22323032302d30352d30362030303a30343a3137223b),
('g14r80g2ut4jpd2tt1ojroup4cn1a9jt', '192.168.0.16', 1611978963, 0x5f5f63695f6c6173745f726567656e65726174657c693a313631313937383936333b73797374656d7c613a363a7b733a343a226e616d65223b733a383a22506c617465613231223b733a353a227469746c65223b733a32353a2250656469646f73204f6e6c696e65202d2044656c6976657279223b733a373a2261646472657373223b733a31323a225461636e612c20506572c3ba223b733a363a2266625f75726c223b733a33343a2268747470733a2f2f7777772e66616365626f6f6b2e636f6d2f706c6174656132312f223b733a353a22656d61696c223b733a31373a22676f7263686f7240676d61696c2e636f6d223b733a343a226c6f676f223b733a33373a2275706c6f6164732f32303231303133303033333632365f626c616e636f5f706f732e706e67223b7d757365725f69647c733a313a2238223b66697273746e616d657c733a353a2261646d696e223b6c6173746e616d657c733a353a2261646d696e223b6163636573735f746f6b656e7c733a303a22223b70686f6e655f6e756d6265727c733a303a22223b656d61696c7c733a353a2261646d696e223b747970657c733a313a2231223b7374617475737c733a313a2231223b64656c6574655f666c61677c733a313a2230223b646174655f637265617465647c733a31393a22323032302d30352d30362030303a30343a3137223b),
('qs207j5esfj0ljhefco1ucartn9tp9fj', '192.168.0.16', 1611979361, 0x5f5f63695f6c6173745f726567656e65726174657c693a313631313937393336313b73797374656d7c613a363a7b733a343a226e616d65223b733a383a22506c617465613231223b733a353a227469746c65223b733a32353a2250656469646f73204f6e6c696e65202d2044656c6976657279223b733a373a2261646472657373223b733a31323a225461636e612c20506572c3ba223b733a363a2266625f75726c223b733a33343a2268747470733a2f2f7777772e66616365626f6f6b2e636f6d2f706c6174656132312f223b733a353a22656d61696c223b733a31373a22676f7263686f7240676d61696c2e636f6d223b733a343a226c6f676f223b733a33373a2275706c6f6164732f32303231303133303033333632365f626c616e636f5f706f732e706e67223b7d757365725f69647c733a313a2238223b66697273746e616d657c733a353a2261646d696e223b6c6173746e616d657c733a353a2261646d696e223b6163636573735f746f6b656e7c733a303a22223b70686f6e655f6e756d6265727c733a303a22223b656d61696c7c733a353a2261646d696e223b747970657c733a313a2231223b7374617475737c733a313a2231223b64656c6574655f666c61677c733a313a2230223b646174655f637265617465647c733a31393a22323032302d30352d30362030303a30343a3137223b),
('tsmghhotf61fb7qn51pqmetkpqpdklbg', '192.168.0.16', 1611979812, 0x5f5f63695f6c6173745f726567656e65726174657c693a313631313937393831323b73797374656d7c613a363a7b733a343a226e616d65223b733a383a22506c617465613231223b733a353a227469746c65223b733a32353a2250656469646f73204f6e6c696e65202d2044656c6976657279223b733a373a2261646472657373223b733a31323a225461636e612c20506572c3ba223b733a363a2266625f75726c223b733a33343a2268747470733a2f2f7777772e66616365626f6f6b2e636f6d2f706c6174656132312f223b733a353a22656d61696c223b733a31373a22676f7263686f7240676d61696c2e636f6d223b733a343a226c6f676f223b733a33373a2275706c6f6164732f32303231303133303033333632365f626c616e636f5f706f732e706e67223b7d757365725f69647c733a313a2238223b66697273746e616d657c733a353a2261646d696e223b6c6173746e616d657c733a353a2261646d696e223b6163636573735f746f6b656e7c733a303a22223b70686f6e655f6e756d6265727c733a303a22223b656d61696c7c733a353a2261646d696e223b747970657c733a313a2231223b7374617475737c733a313a2231223b64656c6574655f666c61677c733a313a2230223b646174655f637265617465647c733a31393a22323032302d30352d30362030303a30343a3137223b),
('gct4do5qe119vgfv2far097mr00fjsb0', '192.168.0.16', 1611981187, 0x5f5f63695f6c6173745f726567656e65726174657c693a313631313938313138373b73797374656d7c613a363a7b733a343a226e616d65223b733a31303a2243616c6c65204c756e61223b733a353a227469746c65223b733a31303a2243616c6c65204c756e61223b733a373a2261646472657373223b733a36333a22506c61726964656c2d416e746f6e696f204c756e612053742e2c20427267792e20312c2053696c617920436974792c204e65672e204f63632e2c2036313136223b733a363a2266625f75726c223b733a33393a2268747470733a2f2f7777772e66616365626f6f6b2e636f6d2f63616c6c656c756e61303832312f223b733a353a22656d61696c223b733a32333a2263616c6c656c756e6130383231407961686f6f2e636f6d223b733a343a226c6f676f223b733a33363a2275706c6f6164732f32303230313231393037343634365f72696f735f6c6f676f2e69636f223b7d757365725f69647c733a323a223134223b66697273746e616d657c733a363a22476f72717569223b6c6173746e616d657c733a363a2243686176657a223b6163636573735f746f6b656e7c733a303a22223b70686f6e655f6e756d6265727c733a303a22223b656d61696c7c733a31373a22676f7263686f7240676d61696c2e636f6d223b747970657c733a313a2235223b7374617475737c733a313a2231223b64656c6574655f666c61677c733a313a2230223b646174655f637265617465647c733a31393a22323032312d30312d32392031333a30363a3230223b),
('vjmov5ue6p6c8i7i9e11fr2u01gi9r5k', '192.168.0.16', 1611980217, 0x5f5f63695f6c6173745f726567656e65726174657c693a313631313938303231373b73797374656d7c613a363a7b733a343a226e616d65223b733a383a22506c617465613231223b733a353a227469746c65223b733a32353a2250656469646f73204f6e6c696e65202d2044656c6976657279223b733a373a2261646472657373223b733a31323a225461636e612c20506572c3ba223b733a363a2266625f75726c223b733a33343a2268747470733a2f2f7777772e66616365626f6f6b2e636f6d2f706c6174656132312f223b733a353a22656d61696c223b733a31373a22676f7263686f7240676d61696c2e636f6d223b733a343a226c6f676f223b733a33373a2275706c6f6164732f32303231303133303033333632365f626c616e636f5f706f732e706e67223b7d757365725f69647c733a313a2238223b66697273746e616d657c733a353a2261646d696e223b6c6173746e616d657c733a353a2261646d696e223b6163636573735f746f6b656e7c733a303a22223b70686f6e655f6e756d6265727c733a303a22223b656d61696c7c733a353a2261646d696e223b747970657c733a313a2231223b7374617475737c733a313a2231223b64656c6574655f666c61677c733a313a2230223b646174655f637265617465647c733a31393a22323032302d30352d30362030303a30343a3137223b),
('khqp1ikb9anc0dblastkfqdtuie7grm7', '192.168.0.16', 1611980523, 0x5f5f63695f6c6173745f726567656e65726174657c693a313631313938303532333b73797374656d7c613a363a7b733a343a226e616d65223b733a383a22506c617465613231223b733a353a227469746c65223b733a32353a2250656469646f73204f6e6c696e65202d2044656c6976657279223b733a373a2261646472657373223b733a31323a225461636e612c20506572c3ba223b733a363a2266625f75726c223b733a33343a2268747470733a2f2f7777772e66616365626f6f6b2e636f6d2f706c6174656132312f223b733a353a22656d61696c223b733a31373a22676f7263686f7240676d61696c2e636f6d223b733a343a226c6f676f223b733a33373a2275706c6f6164732f32303231303133303033333632365f626c616e636f5f706f732e706e67223b7d757365725f69647c733a313a2238223b66697273746e616d657c733a353a2261646d696e223b6c6173746e616d657c733a353a2261646d696e223b6163636573735f746f6b656e7c733a303a22223b70686f6e655f6e756d6265727c733a303a22223b656d61696c7c733a353a2261646d696e223b747970657c733a313a2231223b7374617475737c733a313a2231223b64656c6574655f666c61677c733a313a2230223b646174655f637265617465647c733a31393a22323032302d30352d30362030303a30343a3137223b),
('qj87agnuigu7qmgfgk72fbm22l1cvqsi', '192.168.0.16', 1611981409, 0x5f5f63695f6c6173745f726567656e65726174657c693a313631313938313430393b73797374656d7c613a363a7b733a343a226e616d65223b733a383a22506c617465613231223b733a353a227469746c65223b733a32353a2250656469646f73204f6e6c696e65202d2044656c6976657279223b733a373a2261646472657373223b733a31323a225461636e612c20506572c3ba223b733a363a2266625f75726c223b733a33343a2268747470733a2f2f7777772e66616365626f6f6b2e636f6d2f706c6174656132312f223b733a353a22656d61696c223b733a31373a22676f7263686f7240676d61696c2e636f6d223b733a343a226c6f676f223b733a33373a2275706c6f6164732f32303231303133303033333632365f626c616e636f5f706f732e706e67223b7d757365725f69647c733a313a2238223b66697273746e616d657c733a353a2261646d696e223b6c6173746e616d657c733a353a2261646d696e223b6163636573735f746f6b656e7c733a303a22223b70686f6e655f6e756d6265727c733a303a22223b656d61696c7c733a353a2261646d696e223b747970657c733a313a2231223b7374617475737c733a313a2231223b64656c6574655f666c61677c733a313a2230223b646174655f637265617465647c733a31393a22323032302d30352d30362030303a30343a3137223b),
('ffgro0ekb65t20hi1e1v0iqpa1n7d2n0', '192.168.0.16', 1611983553, 0x5f5f63695f6c6173745f726567656e65726174657c693a313631313938333535333b73797374656d7c613a363a7b733a343a226e616d65223b733a31303a2243616c6c65204c756e61223b733a353a227469746c65223b733a31303a2243616c6c65204c756e61223b733a373a2261646472657373223b733a36333a22506c61726964656c2d416e746f6e696f204c756e612053742e2c20427267792e20312c2053696c617920436974792c204e65672e204f63632e2c2036313136223b733a363a2266625f75726c223b733a33393a2268747470733a2f2f7777772e66616365626f6f6b2e636f6d2f63616c6c656c756e61303832312f223b733a353a22656d61696c223b733a32333a2263616c6c656c756e6130383231407961686f6f2e636f6d223b733a343a226c6f676f223b733a33363a2275706c6f6164732f32303230313231393037343634365f72696f735f6c6f676f2e69636f223b7d757365725f69647c733a323a223134223b66697273746e616d657c733a363a22476f72717569223b6c6173746e616d657c733a363a2243686176657a223b6163636573735f746f6b656e7c733a303a22223b70686f6e655f6e756d6265727c733a303a22223b656d61696c7c733a31373a22676f7263686f7240676d61696c2e636f6d223b747970657c733a313a2235223b7374617475737c733a313a2231223b64656c6574655f666c61677c733a313a2230223b646174655f637265617465647c733a31393a22323032312d30312d32392031333a30363a3230223b),
('lr7ko9tba8kusu1auh0i8nlc95nqsn9t', '192.168.0.16', 1611981899, 0x5f5f63695f6c6173745f726567656e65726174657c693a313631313938313839393b73797374656d7c613a363a7b733a343a226e616d65223b733a383a22506c617465613231223b733a353a227469746c65223b733a32353a2250656469646f73204f6e6c696e65202d2044656c6976657279223b733a373a2261646472657373223b733a31323a225461636e612c20506572c3ba223b733a363a2266625f75726c223b733a33343a2268747470733a2f2f7777772e66616365626f6f6b2e636f6d2f706c6174656132312f223b733a353a22656d61696c223b733a31373a22676f7263686f7240676d61696c2e636f6d223b733a343a226c6f676f223b733a33373a2275706c6f6164732f32303231303133303033333632365f626c616e636f5f706f732e706e67223b7d757365725f69647c733a313a2238223b66697273746e616d657c733a353a2261646d696e223b6c6173746e616d657c733a353a2261646d696e223b6163636573735f746f6b656e7c733a303a22223b70686f6e655f6e756d6265727c733a303a22223b656d61696c7c733a353a2261646d696e223b747970657c733a313a2231223b7374617475737c733a313a2231223b64656c6574655f666c61677c733a313a2230223b646174655f637265617465647c733a31393a22323032302d30352d30362030303a30343a3137223b),
('1qvp8cia5kaj1dat1a43bjf8kgaghb92', '192.168.0.16', 1611982275, 0x5f5f63695f6c6173745f726567656e65726174657c693a313631313938323237353b73797374656d7c613a363a7b733a343a226e616d65223b733a383a22506c617465613231223b733a353a227469746c65223b733a32353a2250656469646f73204f6e6c696e65202d2044656c6976657279223b733a373a2261646472657373223b733a31323a225461636e612c20506572c3ba223b733a363a2266625f75726c223b733a33343a2268747470733a2f2f7777772e66616365626f6f6b2e636f6d2f706c6174656132312f223b733a353a22656d61696c223b733a31373a22676f7263686f7240676d61696c2e636f6d223b733a343a226c6f676f223b733a33373a2275706c6f6164732f32303231303133303033333632365f626c616e636f5f706f732e706e67223b7d757365725f69647c733a313a2238223b66697273746e616d657c733a353a2261646d696e223b6c6173746e616d657c733a353a2261646d696e223b6163636573735f746f6b656e7c733a303a22223b70686f6e655f6e756d6265727c733a303a22223b656d61696c7c733a353a2261646d696e223b747970657c733a313a2231223b7374617475737c733a313a2231223b64656c6574655f666c61677c733a313a2230223b646174655f637265617465647c733a31393a22323032302d30352d30362030303a30343a3137223b),
('gle1ve7n0fq1cn7v8p1qm29bljm2pjhn', '192.168.0.16', 1611982593, 0x5f5f63695f6c6173745f726567656e65726174657c693a313631313938323539333b73797374656d7c613a363a7b733a343a226e616d65223b733a383a22506c617465613231223b733a353a227469746c65223b733a32353a2250656469646f73204f6e6c696e65202d2044656c6976657279223b733a373a2261646472657373223b733a31323a225461636e612c20506572c3ba223b733a363a2266625f75726c223b733a33343a2268747470733a2f2f7777772e66616365626f6f6b2e636f6d2f706c6174656132312f223b733a353a22656d61696c223b733a31373a22676f7263686f7240676d61696c2e636f6d223b733a343a226c6f676f223b733a33373a2275706c6f6164732f32303231303133303033333632365f626c616e636f5f706f732e706e67223b7d757365725f69647c733a313a2238223b66697273746e616d657c733a353a2261646d696e223b6c6173746e616d657c733a353a2261646d696e223b6163636573735f746f6b656e7c733a303a22223b70686f6e655f6e756d6265727c733a303a22223b656d61696c7c733a353a2261646d696e223b747970657c733a313a2231223b7374617475737c733a313a2231223b64656c6574655f666c61677c733a313a2230223b646174655f637265617465647c733a31393a22323032302d30352d30362030303a30343a3137223b),
('aermd6ip37pd9a4m8fotb2407kcfglcg', '192.168.0.16', 1611982911, 0x5f5f63695f6c6173745f726567656e65726174657c693a313631313938323931313b73797374656d7c613a363a7b733a343a226e616d65223b733a383a22506c617465613231223b733a353a227469746c65223b733a32353a2250656469646f73204f6e6c696e65202d2044656c6976657279223b733a373a2261646472657373223b733a31323a225461636e612c20506572c3ba223b733a363a2266625f75726c223b733a33343a2268747470733a2f2f7777772e66616365626f6f6b2e636f6d2f706c6174656132312f223b733a353a22656d61696c223b733a31373a22676f7263686f7240676d61696c2e636f6d223b733a343a226c6f676f223b733a33373a2275706c6f6164732f32303231303133303033333632365f626c616e636f5f706f732e706e67223b7d757365725f69647c733a313a2238223b66697273746e616d657c733a353a2261646d696e223b6c6173746e616d657c733a353a2261646d696e223b6163636573735f746f6b656e7c733a303a22223b70686f6e655f6e756d6265727c733a303a22223b656d61696c7c733a353a2261646d696e223b747970657c733a313a2231223b7374617475737c733a313a2231223b64656c6574655f666c61677c733a313a2230223b646174655f637265617465647c733a31393a22323032302d30352d30362030303a30343a3137223b),
('hdg3tf9dc5sk69tmlp6395oglupbup7r', '192.168.0.16', 1611983360, 0x5f5f63695f6c6173745f726567656e65726174657c693a313631313938333336303b73797374656d7c613a363a7b733a343a226e616d65223b733a383a22506c617465613231223b733a353a227469746c65223b733a32353a2250656469646f73204f6e6c696e65202d2044656c6976657279223b733a373a2261646472657373223b733a31323a225461636e612c20506572c3ba223b733a363a2266625f75726c223b733a33343a2268747470733a2f2f7777772e66616365626f6f6b2e636f6d2f706c6174656132312f223b733a353a22656d61696c223b733a31373a22676f7263686f7240676d61696c2e636f6d223b733a343a226c6f676f223b733a33373a2275706c6f6164732f32303231303133303033333632365f626c616e636f5f706f732e706e67223b7d757365725f69647c733a323a223134223b66697273746e616d657c733a363a22476f72717569223b6c6173746e616d657c733a363a2243686176657a223b6163636573735f746f6b656e7c733a303a22223b70686f6e655f6e756d6265727c733a303a22223b656d61696c7c733a31373a22676f7263686f7240676d61696c2e636f6d223b747970657c733a313a2235223b7374617475737c733a313a2231223b64656c6574655f666c61677c733a313a2230223b646174655f637265617465647c733a31393a22323032312d30312d32392031333a30363a3230223b),
('gem4h6ere6q5ltg91a1jpl0dhg1deeab', '192.168.0.16', 1611984888, 0x5f5f63695f6c6173745f726567656e65726174657c693a313631313938343838383b73797374656d7c613a363a7b733a343a226e616d65223b733a383a22506c617465613231223b733a353a227469746c65223b733a32353a2250656469646f73204f6e6c696e65202d2044656c6976657279223b733a373a2261646472657373223b733a31323a225461636e612c20506572c3ba223b733a363a2266625f75726c223b733a33343a2268747470733a2f2f7777772e66616365626f6f6b2e636f6d2f706c6174656132312f223b733a353a22656d61696c223b733a31373a22676f7263686f7240676d61696c2e636f6d223b733a343a226c6f676f223b733a33373a2275706c6f6164732f32303231303133303033333632365f626c616e636f5f706f732e706e67223b7d757365725f69647c733a323a223134223b66697273746e616d657c733a363a22476f72717569223b6c6173746e616d657c733a363a2243686176657a223b6163636573735f746f6b656e7c733a303a22223b70686f6e655f6e756d6265727c733a303a22223b656d61696c7c733a31373a22676f7263686f7240676d61696c2e636f6d223b747970657c733a313a2235223b7374617475737c733a313a2231223b64656c6574655f666c61677c733a313a2230223b646174655f637265617465647c733a31393a22323032312d30312d32392031333a30363a3230223b),
('8pnc94pul86hp372q9mm1eullnm3dubh', '192.168.0.16', 1611983855, 0x5f5f63695f6c6173745f726567656e65726174657c693a313631313938333835353b73797374656d7c613a363a7b733a343a226e616d65223b733a31303a2243616c6c65204c756e61223b733a353a227469746c65223b733a31303a2243616c6c65204c756e61223b733a373a2261646472657373223b733a36333a22506c61726964656c2d416e746f6e696f204c756e612053742e2c20427267792e20312c2053696c617920436974792c204e65672e204f63632e2c2036313136223b733a363a2266625f75726c223b733a33393a2268747470733a2f2f7777772e66616365626f6f6b2e636f6d2f63616c6c656c756e61303832312f223b733a353a22656d61696c223b733a32333a2263616c6c656c756e6130383231407961686f6f2e636f6d223b733a343a226c6f676f223b733a33363a2275706c6f6164732f32303230313231393037343634365f72696f735f6c6f676f2e69636f223b7d757365725f69647c733a323a223134223b66697273746e616d657c733a363a22476f72717569223b6c6173746e616d657c733a363a2243686176657a223b6163636573735f746f6b656e7c733a303a22223b70686f6e655f6e756d6265727c733a303a22223b656d61696c7c733a31373a22676f7263686f7240676d61696c2e636f6d223b747970657c733a313a2235223b7374617475737c733a313a2231223b64656c6574655f666c61677c733a313a2230223b646174655f637265617465647c733a31393a22323032312d30312d32392031333a30363a3230223b),
('761vsl0uj1j2qcs9fktgfkuv0hi6f9oq', '192.168.0.16', 1611984268, 0x5f5f63695f6c6173745f726567656e65726174657c693a313631313938343236383b73797374656d7c613a363a7b733a343a226e616d65223b733a31303a2243616c6c65204c756e61223b733a353a227469746c65223b733a31303a2243616c6c65204c756e61223b733a373a2261646472657373223b733a36333a22506c61726964656c2d416e746f6e696f204c756e612053742e2c20427267792e20312c2053696c617920436974792c204e65672e204f63632e2c2036313136223b733a363a2266625f75726c223b733a33393a2268747470733a2f2f7777772e66616365626f6f6b2e636f6d2f63616c6c656c756e61303832312f223b733a353a22656d61696c223b733a32333a2263616c6c656c756e6130383231407961686f6f2e636f6d223b733a343a226c6f676f223b733a33363a2275706c6f6164732f32303230313231393037343634365f72696f735f6c6f676f2e69636f223b7d757365725f69647c733a323a223134223b66697273746e616d657c733a363a22476f72717569223b6c6173746e616d657c733a363a2243686176657a223b6163636573735f746f6b656e7c733a303a22223b70686f6e655f6e756d6265727c733a303a22223b656d61696c7c733a31373a22676f7263686f7240676d61696c2e636f6d223b747970657c733a313a2235223b7374617475737c733a313a2231223b64656c6574655f666c61677c733a313a2230223b646174655f637265617465647c733a31393a22323032312d30312d32392031333a30363a3230223b),
('onambju6i2lfe47nrfdtq65pge79u1f1', '192.168.0.16', 1611984946, 0x5f5f63695f6c6173745f726567656e65726174657c693a313631313938343934363b73797374656d7c613a363a7b733a343a226e616d65223b733a383a22506c617465613231223b733a353a227469746c65223b733a32353a2250656469646f73204f6e6c696e65202d2044656c6976657279223b733a373a2261646472657373223b733a31323a225461636e612c20506572c3ba223b733a363a2266625f75726c223b733a33343a2268747470733a2f2f7777772e66616365626f6f6b2e636f6d2f706c6174656132312f223b733a353a22656d61696c223b733a31373a22676f7263686f7240676d61696c2e636f6d223b733a343a226c6f676f223b733a33373a2275706c6f6164732f32303231303133303033333632365f626c616e636f5f706f732e706e67223b7d757365725f69647c733a313a2239223b66697273746e616d657c733a363a22447269766572223b6c6173746e616d657c733a343a2254657374223b6163636573735f746f6b656e7c733a303a22223b70686f6e655f6e756d6265727c733a303a22223b656d61696c7c733a363a22647269766572223b747970657c733a313a2234223b7374617475737c733a313a2231223b64656c6574655f666c61677c733a313a2230223b646174655f637265617465647c733a31393a22323032302d30352d30362030303a30353a3339223b),
('q8vhcotu7qjo82qgku3t1tu02ssadb2q', '192.168.0.16', 1611985268, 0x5f5f63695f6c6173745f726567656e65726174657c693a313631313938353236383b73797374656d7c613a363a7b733a343a226e616d65223b733a383a22506c617465613231223b733a353a227469746c65223b733a32353a2250656469646f73204f6e6c696e65202d2044656c6976657279223b733a373a2261646472657373223b733a31323a225461636e612c20506572c3ba223b733a363a2266625f75726c223b733a33343a2268747470733a2f2f7777772e66616365626f6f6b2e636f6d2f706c6174656132312f223b733a353a22656d61696c223b733a31373a22676f7263686f7240676d61696c2e636f6d223b733a343a226c6f676f223b733a33373a2275706c6f6164732f32303231303133303033333632365f626c616e636f5f706f732e706e67223b7d757365725f69647c733a323a223134223b66697273746e616d657c733a363a22476f72717569223b6c6173746e616d657c733a363a2243686176657a223b6163636573735f746f6b656e7c733a303a22223b70686f6e655f6e756d6265727c733a303a22223b656d61696c7c733a31373a22676f7263686f7240676d61696c2e636f6d223b747970657c733a313a2235223b7374617475737c733a313a2231223b64656c6574655f666c61677c733a313a2230223b646174655f637265617465647c733a31393a22323032312d30312d32392031333a30363a3230223b),
('oc4vf0o742glk5bh27hn43bbqd4a7m6u', '192.168.0.16', 1611985425, 0x5f5f63695f6c6173745f726567656e65726174657c693a313631313938353432353b73797374656d7c613a363a7b733a343a226e616d65223b733a383a22506c617465613231223b733a353a227469746c65223b733a32353a2250656469646f73204f6e6c696e65202d2044656c6976657279223b733a373a2261646472657373223b733a31323a225461636e612c20506572c3ba223b733a363a2266625f75726c223b733a33343a2268747470733a2f2f7777772e66616365626f6f6b2e636f6d2f706c6174656132312f223b733a353a22656d61696c223b733a31373a22676f7263686f7240676d61696c2e636f6d223b733a343a226c6f676f223b733a33373a2275706c6f6164732f32303231303133303033333632365f626c616e636f5f706f732e706e67223b7d757365725f69647c733a313a2239223b66697273746e616d657c733a363a22447269766572223b6c6173746e616d657c733a343a2254657374223b6163636573735f746f6b656e7c733a303a22223b70686f6e655f6e756d6265727c733a303a22223b656d61696c7c733a363a22647269766572223b747970657c733a313a2234223b7374617475737c733a313a2231223b64656c6574655f666c61677c733a313a2230223b646174655f637265617465647c733a31393a22323032302d30352d30362030303a30353a3339223b),
('uhvgfjpfd49igpt7p11m365r1aqkpk31', '192.168.0.16', 1611985625, 0x5f5f63695f6c6173745f726567656e65726174657c693a313631313938353632353b73797374656d7c613a363a7b733a343a226e616d65223b733a383a22506c617465613231223b733a353a227469746c65223b733a32353a2250656469646f73204f6e6c696e65202d2044656c6976657279223b733a373a2261646472657373223b733a31323a225461636e612c20506572c3ba223b733a363a2266625f75726c223b733a33343a2268747470733a2f2f7777772e66616365626f6f6b2e636f6d2f706c6174656132312f223b733a353a22656d61696c223b733a31373a22676f7263686f7240676d61696c2e636f6d223b733a343a226c6f676f223b733a33373a2275706c6f6164732f32303231303133303033333632365f626c616e636f5f706f732e706e67223b7d757365725f69647c733a313a2239223b66697273746e616d657c733a363a22447269766572223b6c6173746e616d657c733a343a2254657374223b6163636573735f746f6b656e7c733a303a22223b70686f6e655f6e756d6265727c733a303a22223b656d61696c7c733a363a22647269766572223b747970657c733a313a2234223b7374617475737c733a313a2231223b64656c6574655f666c61677c733a313a2230223b646174655f637265617465647c733a31393a22323032302d30352d30362030303a30353a3339223b),
('557bph1ovtpb0uhck3bj905o8bqb0mk4', '192.168.0.16', 1611986114, 0x5f5f63695f6c6173745f726567656e65726174657c693a313631313938363131343b73797374656d7c613a363a7b733a343a226e616d65223b733a383a22506c617465613231223b733a353a227469746c65223b733a32353a2250656469646f73204f6e6c696e65202d2044656c6976657279223b733a373a2261646472657373223b733a31323a225461636e612c20506572c3ba223b733a363a2266625f75726c223b733a33343a2268747470733a2f2f7777772e66616365626f6f6b2e636f6d2f706c6174656132312f223b733a353a22656d61696c223b733a31373a22676f7263686f7240676d61696c2e636f6d223b733a343a226c6f676f223b733a33373a2275706c6f6164732f32303231303133303033333632365f626c616e636f5f706f732e706e67223b7d757365725f69647c733a313a2238223b66697273746e616d657c733a353a2261646d696e223b6c6173746e616d657c733a353a2261646d696e223b6163636573735f746f6b656e7c733a303a22223b70686f6e655f6e756d6265727c733a303a22223b656d61696c7c733a353a2261646d696e223b747970657c733a313a2231223b7374617475737c733a313a2231223b64656c6574655f666c61677c733a313a2230223b646174655f637265617465647c733a31393a22323032302d30352d30362030303a30343a3137223b),
('qemvdd1m921f996olvvumtmp8fo5pgil', '192.168.0.16', 1611985977, 0x5f5f63695f6c6173745f726567656e65726174657c693a313631313938353937373b73797374656d7c613a363a7b733a343a226e616d65223b733a383a22506c617465613231223b733a353a227469746c65223b733a32353a2250656469646f73204f6e6c696e65202d2044656c6976657279223b733a373a2261646472657373223b733a31323a225461636e612c20506572c3ba223b733a363a2266625f75726c223b733a33343a2268747470733a2f2f7777772e66616365626f6f6b2e636f6d2f706c6174656132312f223b733a353a22656d61696c223b733a31373a22676f7263686f7240676d61696c2e636f6d223b733a343a226c6f676f223b733a33373a2275706c6f6164732f32303231303133303033333632365f626c616e636f5f706f732e706e67223b7d757365725f69647c733a323a223134223b66697273746e616d657c733a363a22476f72717569223b6c6173746e616d657c733a363a2243686176657a223b6163636573735f746f6b656e7c733a303a22223b70686f6e655f6e756d6265727c733a303a22223b656d61696c7c733a31373a22676f7263686f7240676d61696c2e636f6d223b747970657c733a313a2235223b7374617475737c733a313a2231223b64656c6574655f666c61677c733a313a2230223b646174655f637265617465647c733a31393a22323032312d30312d32392031333a30363a3230223b),
('fbqhagj6jtb1lfgeighpfpe61e8go03o', '192.168.0.16', 1611986055, 0x5f5f63695f6c6173745f726567656e65726174657c693a313631313938353937373b73797374656d7c613a363a7b733a343a226e616d65223b733a383a22506c617465613231223b733a353a227469746c65223b733a32353a2250656469646f73204f6e6c696e65202d2044656c6976657279223b733a373a2261646472657373223b733a31323a225461636e612c20506572c3ba223b733a363a2266625f75726c223b733a33343a2268747470733a2f2f7777772e66616365626f6f6b2e636f6d2f706c6174656132312f223b733a353a22656d61696c223b733a31373a22676f7263686f7240676d61696c2e636f6d223b733a343a226c6f676f223b733a33373a2275706c6f6164732f32303231303133303033333632365f626c616e636f5f706f732e706e67223b7d757365725f69647c733a323a223134223b66697273746e616d657c733a363a22476f72717569223b6c6173746e616d657c733a363a2243686176657a223b6163636573735f746f6b656e7c733a303a22223b70686f6e655f6e756d6265727c733a303a22223b656d61696c7c733a31373a22676f7263686f7240676d61696c2e636f6d223b747970657c733a313a2235223b7374617475737c733a313a2231223b64656c6574655f666c61677c733a313a2230223b646174655f637265617465647c733a31393a22323032312d30312d32392031333a30363a3230223b),
('ki71vafjb6iijcm0181icergm8nvg9r0', '192.168.0.16', 1611986366, 0x5f5f63695f6c6173745f726567656e65726174657c693a313631313938363131343b73797374656d7c613a363a7b733a343a226e616d65223b733a383a22506c617465613231223b733a353a227469746c65223b733a32353a2250656469646f73204f6e6c696e65202d2044656c6976657279223b733a373a2261646472657373223b733a31323a225461636e612c20506572c3ba223b733a363a2266625f75726c223b733a33343a2268747470733a2f2f7777772e66616365626f6f6b2e636f6d2f706c6174656132312f223b733a353a22656d61696c223b733a31373a22676f7263686f7240676d61696c2e636f6d223b733a343a226c6f676f223b733a33373a2275706c6f6164732f32303231303133303033333632365f626c616e636f5f706f732e706e67223b7d757365725f69647c733a313a2238223b66697273746e616d657c733a353a2261646d696e223b6c6173746e616d657c733a353a2261646d696e223b6163636573735f746f6b656e7c733a303a22223b70686f6e655f6e756d6265727c733a303a22223b656d61696c7c733a353a2261646d696e223b747970657c733a313a2231223b7374617475737c733a313a2231223b64656c6574655f666c61677c733a313a2230223b646174655f637265617465647c733a31393a22323032302d30352d30362030303a30343a3137223b);

-- --------------------------------------------------------

--
-- Estructura de tabla para la tabla `for_delivery`
--

CREATE TABLE `for_delivery` (
  `id` int(30) NOT NULL,
  `order_id` int(30) NOT NULL,
  `user_id` int(30) NOT NULL,
  `date_created` datetime NOT NULL DEFAULT CURRENT_TIMESTAMP
) ENGINE=InnoDB DEFAULT CHARSET=utf8mb4;

--
-- Volcado de datos para la tabla `for_delivery`
--

INSERT INTO `for_delivery` (`id`, `order_id`, `user_id`, `date_created`) VALUES
(1, 5, 9, '2021-01-29 21:27:17'),
(2, 7, 9, '2021-01-29 21:31:39');

-- --------------------------------------------------------

--
-- Estructura de tabla para la tabla `messages`
--

CREATE TABLE `messages` (
  `id` int(30) NOT NULL,
  `user_id` int(30) NOT NULL,
  `message` text NOT NULL,
  `status` tinyint(1) NOT NULL DEFAULT '0' COMMENT '0=unread,1=read',
  `type` tinyint(1) NOT NULL DEFAULT '0' COMMENT '0 = user to admin, 1 = admin to user\r\n',
  `date_created` datetime NOT NULL DEFAULT CURRENT_TIMESTAMP
) ENGINE=InnoDB DEFAULT CHARSET=utf8mb4;

--
-- Volcado de datos para la tabla `messages`
--

INSERT INTO `messages` (`id`, `user_id`, `message`, `status`, `type`, `date_created`) VALUES
(1, 14, 'hola', 1, 0, '2021-01-29 13:27:50'),
(2, 14, 'que tal bro', 1, 1, '2021-01-29 15:26:34'),
(3, 14, 'aqui quiero hacer un pedido', 1, 0, '2021-01-29 15:26:53');

-- --------------------------------------------------------

--
-- Estructura de tabla para la tabla `orders`
--

CREATE TABLE `orders` (
  `id` int(30) NOT NULL,
  `ref_id` text NOT NULL,
  `onum` text NOT NULL,
  `type` int(11) NOT NULL COMMENT '1=dine-in, 2=take-out, 3=Delivery, 4= pickup',
  `status` int(11) NOT NULL,
  `amount` text NOT NULL,
  `location` text NOT NULL,
  `user_id` int(11) NOT NULL,
  `landmark` text NOT NULL,
  `discount` text NOT NULL,
  `total_amount` text NOT NULL,
  `remarks` text NOT NULL,
  `created_date` datetime NOT NULL DEFAULT CURRENT_TIMESTAMP
) ENGINE=InnoDB DEFAULT CHARSET=utf8mb4;

--
-- Volcado de datos para la tabla `orders`
--

INSERT INTO `orders` (`id`, `ref_id`, `onum`, `type`, `status`, `amount`, `location`, `user_id`, `landmark`, `discount`, `total_amount`, `remarks`, `created_date`) VALUES
(5, 'UZX-3180', '', 3, 1, '70', 'guatemala', 14, 'pista', '', '70.00', 'rapidoooo', '2021-01-29 14:25:28'),
(6, 'GDO-4018', '', 4, 1, '35', '', 14, '', '', '35.00', '', '2021-01-29 14:34:52'),
(7, 'ZLE-3954', '', 3, 0, '170', 'Tacna', 14, 'Vista Alegre', '', '170.00', 'fast', '2021-01-29 15:25:48'),
(8, 'DLW-0165', '', 4, 0, '190', '', 14, '', '', '190', 'con cubiertos', '2021-01-29 20:17:16'),
(9, 'RDB-8618', '', 3, 0, '50', 'Av TACNA', 14, 'COLEGIO SUAREZ', '', '50', '', '2021-01-30 00:48:48');

-- --------------------------------------------------------

--
-- Estructura de tabla para la tabla `order_list`
--

CREATE TABLE `order_list` (
  `id` int(30) NOT NULL,
  `order_id` int(30) NOT NULL,
  `product_id` int(30) NOT NULL,
  `price` text NOT NULL,
  `qty` int(30) NOT NULL,
  `total_amount` text NOT NULL,
  `status` int(2) NOT NULL DEFAULT '1',
  `date_created` datetime NOT NULL DEFAULT CURRENT_TIMESTAMP
) ENGINE=InnoDB DEFAULT CHARSET=utf8mb4;

--
-- Volcado de datos para la tabla `order_list`
--

INSERT INTO `order_list` (`id`, `order_id`, `product_id`, `price`, `qty`, `total_amount`, `status`, `date_created`) VALUES
(6, 5, 8, '35', 2, '70', 2, '2021-01-29 14:25:28'),
(7, 6, 8, '35', 1, '35', 2, '2021-01-29 14:34:52'),
(8, 7, 8, '35', 1, '35', 2, '2021-01-29 15:25:48'),
(9, 7, 12, '35', 1, '35', 2, '2021-01-29 15:25:48'),
(10, 7, 4, '50', 2, '100', 2, '2021-01-29 15:25:48'),
(11, 8, 10, '95', 2, '190', 1, '2021-01-29 20:17:16'),
(12, 9, 4, '50', 1, '50', 1, '2021-01-30 00:48:48');

-- --------------------------------------------------------

--
-- Estructura de tabla para la tabla `product`
--

CREATE TABLE `product` (
  `id` int(30) NOT NULL,
  `name` text NOT NULL,
  `description` text NOT NULL,
  `pt_id` int(30) NOT NULL,
  `status` tinyint(4) NOT NULL,
  `price` text NOT NULL,
  `img_path` text NOT NULL,
  `date_created` datetime NOT NULL DEFAULT CURRENT_TIMESTAMP
) ENGINE=InnoDB DEFAULT CHARSET=utf8mb4;

--
-- Volcado de datos para la tabla `product`
--

INSERT INTO `product` (`id`, `name`, `description`, `pt_id`, `status`, `price`, `img_path`, `date_created`) VALUES
(2, 'Producto Prueba', 'Producto Prueba', 7, 0, '45.00', 'uploads/products/logo.png', '2020-04-05 14:52:34'),
(3, 'Vinos', 'Vinos de toda calidad', 2, 1, '210.00', 'uploads/products/202101300356_bebidas.jpg', '2020-04-05 16:50:56'),
(4, 'Hamburguesa', 'Hamburguesa con Queso', 5, 1, '50', 'uploads/products/202101300402_hamburguesa-sencilla.jpg', '2020-04-05 17:10:15'),
(5, 'Frituras', 'Frituras', 7, 1, '65.00', 'uploads/products/202101300402_frituras.jpg', '2020-04-05 17:11:39'),
(6, 'Helado', 'Helado', 9, 1, '35.00', 'uploads/products/202101300359_helado.jpg', '2020-04-05 17:13:42'),
(7, 'Sopa', 'Sopa', 10, 1, '25.00', 'uploads/products/202101300400_sopa.jpg', '2020-04-06 16:12:47'),
(8, 'Coca Cola', 'Coca cola', 2, 1, '35', 'uploads/products/202101300400_cocacola_0.jpg', '2020-04-11 20:49:11'),
(10, 'Tacos', 'Tacos Mexicanos', 7, 1, '95', 'uploads/products/202101300407_tacos.jpg', '2020-04-11 20:49:43'),
(12, 'Red Bull', 'Bebida Energizante', 2, 1, '35', 'uploads/products/202101300406_redbull.jpg', '2020-04-11 20:50:26');

-- --------------------------------------------------------

--
-- Estructura de tabla para la tabla `product_type`
--

CREATE TABLE `product_type` (
  `id` int(11) NOT NULL,
  `name` text NOT NULL,
  `status` tinyint(2) NOT NULL,
  `date_created` datetime NOT NULL DEFAULT CURRENT_TIMESTAMP
) ENGINE=InnoDB DEFAULT CHARSET=utf8mb4;

--
-- Volcado de datos para la tabla `product_type`
--

INSERT INTO `product_type` (`id`, `name`, `status`, `date_created`) VALUES
(1, 'Vegetales', 1, '2020-04-04 23:48:51'),
(2, 'Bebidas', 1, '2020-04-04 23:50:23'),
(5, 'Hamburguesas', 1, '2020-04-04 23:52:13'),
(7, 'Guarnición', 1, '2020-04-05 13:32:16'),
(8, 'Panes', 1, '2020-04-05 17:09:21'),
(9, 'Helados', 1, '2020-04-05 17:12:05'),
(10, 'Sopas', 1, '2020-04-05 17:12:32');

-- --------------------------------------------------------

--
-- Estructura de tabla para la tabla `queue_list`
--

CREATE TABLE `queue_list` (
  `id` int(30) NOT NULL,
  `order_id` int(30) NOT NULL,
  `queue` int(30) NOT NULL,
  `status` tinyint(2) NOT NULL,
  `date_created` timestamp NOT NULL DEFAULT CURRENT_TIMESTAMP
) ENGINE=InnoDB DEFAULT CHARSET=utf8mb4;

--
-- Volcado de datos para la tabla `queue_list`
--

INSERT INTO `queue_list` (`id`, `order_id`, `queue`, `status`, `date_created`) VALUES
(2, 5, 2, 1, '2021-01-29 19:25:28'),
(3, 6, 3, 1, '2021-01-29 19:34:52'),
(4, 7, 4, 1, '2021-01-29 20:25:48'),
(5, 8, 1, 1, '2021-01-30 01:17:16'),
(6, 9, 1, 1, '2021-01-30 05:48:48');

-- --------------------------------------------------------

--
-- Estructura de tabla para la tabla `sales`
--

CREATE TABLE `sales` (
  `id` int(30) NOT NULL,
  `ref_id` text NOT NULL,
  `order_id` int(30) NOT NULL,
  `receipt_no` text NOT NULL,
  `total_amount` text NOT NULL,
  `amount_tendered` text NOT NULL,
  `date_created` datetime NOT NULL DEFAULT CURRENT_TIMESTAMP
) ENGINE=InnoDB DEFAULT CHARSET=utf8mb4;

--
-- Volcado de datos para la tabla `sales`
--

INSERT INTO `sales` (`id`, `ref_id`, `order_id`, `receipt_no`, `total_amount`, `amount_tendered`, `date_created`) VALUES
(1, 'GDO-4018', 6, 'Xy6EhqGDnKvU', '35.00', '40', '2021-01-29 21:36:04'),
(2, 'ZLE-3954', 7, 'zkBaFLh9EU6u', '170.00', '200', '2021-01-30 00:39:04');

-- --------------------------------------------------------

--
-- Estructura de tabla para la tabla `system_settings`
--

CREATE TABLE `system_settings` (
  `meta_name` text NOT NULL,
  `meta_value` text NOT NULL
) ENGINE=InnoDB DEFAULT CHARSET=utf8mb4;

--
-- Volcado de datos para la tabla `system_settings`
--

INSERT INTO `system_settings` (`meta_name`, `meta_value`) VALUES
('system_name', 'Calle Luna'),
('system_title', 'Calle Luna'),
('system_address', 'Plaridel-Antonio Luna St., Brgy. 1, Silay City, Neg. Occ., 6116'),
('system_fb_url', 'https://www.facebook.com/calleluna0821/'),
('system_email', 'calleluna0821@yahoo.com'),
('system_logo', 'uploads/20201219074646_rios_logo.ico'),
('system_name', 'Calle Luna'),
('system_title', 'Calle Luna'),
('system_address', 'Plaridel-Antonio Luna St., Brgy. 1, Silay City, Neg. Occ., 6116'),
('system_fb_url', 'https://www.facebook.com/calleluna0821/'),
('system_email', 'calleluna0821@yahoo.com'),
('system_name', 'Calle Luna'),
('system_title', 'Calle Luna'),
('system_address', 'Plaridel-Antonio Luna St., Brgy. 1, Silay City, Neg. Occ., 6116'),
('system_fb_url', 'https://www.facebook.com/calleluna0821/'),
('system_email', 'calleluna0821@yahoo.com'),
('system_name', 'Calle Luna'),
('system_title', 'Calle Luna'),
('system_address', 'Plaridel-Antonio Luna St., Brgy. 1, Silay City, Neg. Occ., 6116'),
('system_fb_url', 'https://www.facebook.com/calleluna0821/'),
('system_email', 'calleluna0821@yahoo.com'),
('system_name', 'Calle Luna'),
('system_title', 'Calle Luna'),
('system_address', 'Plaridel-Antonio Luna St., Brgy. 1, Silay City, Neg. Occ., 6116'),
('system_fb_url', 'https://www.facebook.com/calleluna0821/'),
('system_email', 'calleluna0821@yahoo.com'),
('system_name', 'Calle Luna'),
('system_title', 'Calle Luna'),
('system_address', 'Plaridel-Antonio Luna St., Brgy. 1, Silay City, Neg. Occ., 6116'),
('system_fb_url', 'https://www.facebook.com/calleluna0821/'),
('system_email', 'calleluna0821@yahoo.com'),
('system_name', 'Calle Luna'),
('system_title', 'Calle Luna'),
('system_address', 'Plaridel-Antonio Luna St., Brgy. 1, Silay City, Neg. Occ., 6116'),
('system_fb_url', 'https://www.facebook.com/calleluna0821/'),
('system_email', 'calleluna0821@yahoo.com'),
('system_name', 'Calle Luna'),
('system_title', 'Calle Luna'),
('system_address', 'Plaridel-Antonio Luna St., Brgy. 1, Silay City, Neg. Occ., 6116'),
('system_fb_url', 'https://www.facebook.com/calleluna0821/'),
('system_email', 'calleluna0821@yahoo.com'),
('system_name', 'Calle Luna'),
('system_title', 'Calle Luna'),
('system_address', 'Plaridel-Antonio Luna St., Brgy. 1, Silay City, Neg. Occ., 6116'),
('system_fb_url', 'https://www.facebook.com/calleluna0821/'),
('system_email', 'calleluna0821@yahoo.com'),
('system_name', 'Calle Luna'),
('system_title', 'Calle Luna'),
('system_address', 'Plaridel-Antonio Luna St., Brgy. 1, Silay City, Neg. Occ., 6116'),
('system_fb_url', 'https://www.facebook.com/calleluna0821/'),
('system_email', 'calleluna0821@yahoo.com'),
('system_name', 'Calle Luna'),
('system_title', 'Calle Luna'),
('system_address', 'Plaridel-Antonio Luna St., Brgy. 1, Silay City, Neg. Occ., 6116'),
('system_fb_url', 'https://www.facebook.com/calleluna0821/'),
('system_email', 'calleluna0821@yahoo.com'),
('system_name', 'Platea21'),
('system_title', 'Calle Luna'),
('system_address', 'Plaridel-Antonio Luna St., Brgy. 1, Silay City, Neg. Occ., 6116'),
('system_fb_url', 'https://www.facebook.com/calleluna0821/'),
('system_email', 'calleluna0821@yahoo.com'),
('system_name', 'Platea21'),
('system_title', 'Pedidos Online - Delivery'),
('system_address', 'Tacna, Perú'),
('system_fb_url', 'https://www.facebook.com/calleluna0821/'),
('system_email', 'gorchor@gmail.com'),
('system_logo', 'uploads/20210130033412_blancop21.png'),
('system_name', 'Platea21'),
('system_title', 'Pedidos Online - Delivery'),
('system_address', 'Tacna, Perú'),
('system_fb_url', 'https://www.facebook.com/calleluna0821/'),
('system_email', 'gorchor@gmail.com'),
('system_logo', 'uploads/20210130033511_blanco.png'),
('system_name', 'Platea21'),
('system_title', 'Pedidos Online - Delivery'),
('system_address', 'Tacna, Perú'),
('system_fb_url', 'https://www.facebook.com/platea21/'),
('system_email', 'gorchor@gmail.com'),
('system_logo', 'uploads/20210130033626_blanco_pos.png');

-- --------------------------------------------------------

--
-- Estructura de tabla para la tabla `users`
--

CREATE TABLE `users` (
  `id` int(30) NOT NULL,
  `firstname` text NOT NULL,
  `lastname` text NOT NULL,
  `access_token` text NOT NULL,
  `phone_number` text NOT NULL,
  `email` text NOT NULL,
  `password` text NOT NULL,
  `type` int(11) NOT NULL DEFAULT '1' COMMENT '1= admin,2=kitchen,3=cashier,4=delivery,5=client,6=Guest Self service',
  `status` int(11) DEFAULT '1' COMMENT '1= active, 2=blocked',
  `delete_flag` tinyint(1) NOT NULL DEFAULT '0' COMMENT '0= active , 1= deleted',
  `date_created` datetime NOT NULL DEFAULT CURRENT_TIMESTAMP
) ENGINE=InnoDB DEFAULT CHARSET=utf8mb4;

--
-- Volcado de datos para la tabla `users`
--

INSERT INTO `users` (`id`, `firstname`, `lastname`, `access_token`, `phone_number`, `email`, `password`, `type`, `status`, `delete_flag`, `date_created`) VALUES
(1, 'super', 'admin', '', '', 'super_admin', '21232f297a57a5a743894a0e4a801fc3', 1, 1, 0, '2020-05-03 01:12:53'),
(7, 'Kitchen', 'Side', '', '', 'kitchen', '68a7b18d11156c6e806161741f55dc91', 2, 1, 0, '2020-05-05 23:53:40'),
(8, 'admin', 'admin', '', '', 'admin', '0192023a7bbd73250516f069df18b500', 1, 1, 0, '2020-05-06 00:04:17'),
(9, 'Driver', 'Test', '', '', 'driver', 'c974f63abee678d0e103167ad9c813a5', 4, 1, 0, '2020-05-06 00:05:39'),
(10, 'test', 'test', '', '', 'test@sample.com', '0192023a7bbd73250516f069df18b500', 5, 1, 0, '2020-05-06 00:24:01'),
(11, 'Cashier', 'Side', '', '', 'cashier', 'dbb8c54ee649f8af049357a5f99cede6', 3, 1, 0, '2020-05-06 00:52:06'),
(13, 'Guest', ' ', '', '', 'guest', 'fcf41657f02f88137a1bcf068a32c0a3', 6, 1, 0, '2020-12-19 16:13:39'),
(14, 'Gorqui', 'Chavez', '', '', 'gorchor@gmail.com', '21232f297a57a5a743894a0e4a801fc3', 5, 1, 0, '2021-01-29 13:06:20');

--
-- Índices para tablas volcadas
--

--
-- Indices de la tabla `alert_msg`
--
ALTER TABLE `alert_msg`
  ADD PRIMARY KEY (`id`);

--
-- Indices de la tabla `cart_list`
--
ALTER TABLE `cart_list`
  ADD PRIMARY KEY (`id`);

--
-- Indices de la tabla `ci_sessions`
--
ALTER TABLE `ci_sessions`
  ADD KEY `ci_sessions_timestamp` (`timestamp`);

--
-- Indices de la tabla `for_delivery`
--
ALTER TABLE `for_delivery`
  ADD PRIMARY KEY (`id`);

--
-- Indices de la tabla `messages`
--
ALTER TABLE `messages`
  ADD PRIMARY KEY (`id`);

--
-- Indices de la tabla `orders`
--
ALTER TABLE `orders`
  ADD PRIMARY KEY (`id`);

--
-- Indices de la tabla `order_list`
--
ALTER TABLE `order_list`
  ADD PRIMARY KEY (`id`);

--
-- Indices de la tabla `product`
--
ALTER TABLE `product`
  ADD PRIMARY KEY (`id`);

--
-- Indices de la tabla `product_type`
--
ALTER TABLE `product_type`
  ADD PRIMARY KEY (`id`);

--
-- Indices de la tabla `queue_list`
--
ALTER TABLE `queue_list`
  ADD PRIMARY KEY (`id`);

--
-- Indices de la tabla `sales`
--
ALTER TABLE `sales`
  ADD PRIMARY KEY (`id`);

--
-- Indices de la tabla `users`
--
ALTER TABLE `users`
  ADD PRIMARY KEY (`id`);

--
-- AUTO_INCREMENT de las tablas volcadas
--

--
-- AUTO_INCREMENT de la tabla `alert_msg`
--
ALTER TABLE `alert_msg`
  MODIFY `id` int(30) NOT NULL AUTO_INCREMENT, AUTO_INCREMENT=6;

--
-- AUTO_INCREMENT de la tabla `cart_list`
--
ALTER TABLE `cart_list`
  MODIFY `id` int(30) NOT NULL AUTO_INCREMENT, AUTO_INCREMENT=21;

--
-- AUTO_INCREMENT de la tabla `for_delivery`
--
ALTER TABLE `for_delivery`
  MODIFY `id` int(30) NOT NULL AUTO_INCREMENT, AUTO_INCREMENT=3;

--
-- AUTO_INCREMENT de la tabla `messages`
--
ALTER TABLE `messages`
  MODIFY `id` int(30) NOT NULL AUTO_INCREMENT, AUTO_INCREMENT=39;

--
-- AUTO_INCREMENT de la tabla `orders`
--
ALTER TABLE `orders`
  MODIFY `id` int(30) NOT NULL AUTO_INCREMENT, AUTO_INCREMENT=10;

--
-- AUTO_INCREMENT de la tabla `order_list`
--
ALTER TABLE `order_list`
  MODIFY `id` int(30) NOT NULL AUTO_INCREMENT, AUTO_INCREMENT=13;

--
-- AUTO_INCREMENT de la tabla `product`
--
ALTER TABLE `product`
  MODIFY `id` int(30) NOT NULL AUTO_INCREMENT, AUTO_INCREMENT=17;

--
-- AUTO_INCREMENT de la tabla `product_type`
--
ALTER TABLE `product_type`
  MODIFY `id` int(11) NOT NULL AUTO_INCREMENT, AUTO_INCREMENT=15;

--
-- AUTO_INCREMENT de la tabla `queue_list`
--
ALTER TABLE `queue_list`
  MODIFY `id` int(30) NOT NULL AUTO_INCREMENT, AUTO_INCREMENT=7;

--
-- AUTO_INCREMENT de la tabla `sales`
--
ALTER TABLE `sales`
  MODIFY `id` int(30) NOT NULL AUTO_INCREMENT, AUTO_INCREMENT=3;

--
-- AUTO_INCREMENT de la tabla `users`
--
ALTER TABLE `users`
  MODIFY `id` int(30) NOT NULL AUTO_INCREMENT, AUTO_INCREMENT=15;
COMMIT;

/*!40101 SET CHARACTER_SET_CLIENT=@OLD_CHARACTER_SET_CLIENT */;
/*!40101 SET CHARACTER_SET_RESULTS=@OLD_CHARACTER_SET_RESULTS */;
/*!40101 SET COLLATION_CONNECTION=@OLD_COLLATION_CONNECTION */;
